district_id,district,region,stunting_b_poverty_intensity,stunting_b_illiteracy_rate,stunting_b_nhis_uninsured_rate,anaemia_b_poverty_intensity,anaemia_b_illiteracy_rate,anaemia_b_nhis_uninsured_rate,iycf_b_poverty_intensity,iycf_b_illiteracy_rate,iycf_b_nhis_uninsured_rate,diarrhoea_b_poverty_intensity,diarrhoea_b_illiteracy_rate,diarrhoea_b_nhis_uninsured_rate
1,Asunafo North Municipal,Ahafo,0.1877,-0.1219,0.0682,-0.0998,0.1563,0.0428,-0.1875,0.1079,-0.0034,-0.1176,-0.0168,0.2128
2,Asunafo South,Ahafo,0.1124,-0.1557,0.0838,0.0161,0.1828,0.0267,-0.1567,0.1223,0.0171,-0.0332,-0.0143,0.1522
3,Asutifi North,Ahafo,0.176,0.0424,0.0752,-0.0859,0.0312,0.0811,-0.1583,0.1485,-0.0304,-0.0357,0.0848,0.315
4,Asutifi South,Ahafo,0.1211,-0.0329,0.0685,-0.0565,0.0796,0.0787,-0.1212,0.164,-0.0101,-0.0758,0.0356,0.2626
5,Tano North Municipal,Ahafo,0.1313,0.108,0.157,-0.0615,0.0659,0.1068,-0.2207,0.1958,-0.0842,0.0167,0.0401,0.5877
6,Tano South Municipal,Ahafo,0.1578,0.1308,0.1041,-0.0052,0.1074,0.1038,-0.2555,0.2068,-0.0998,0.138,0.0415,0.5705
7,Adansi Asokwa,Ashanti,0.0479,-0.057,0.1145,0.0952,0.1808,0.0463,-0.1312,0.1437,0.0292,-0.0265,0.0151,0.2273
8,Adansi North,Ashanti,0.0274,0.1419,0.0168,0.0919,0.2713,0.0077,-0.1225,0.1871,0.0144,-0.0535,0.3002,0.0942
9,Adansi South,Ashanti,0.029,-0.353,0.3001,0.0842,0.0185,0.1222,-0.1135,0.1829,0.0092,-0.0476,-0.3053,0.409
10,Afigya Kwabre North,Ashanti,0.2209,0.2196,0.0472,0.1461,0.238,0.0711,-0.0097,0.3393,-0.0682,0.2825,0.2174,0.3331
11,Afigya Kwabre South,Ashanti,0.1654,0.255,0.0042,0.1463,0.2447,0.0776,0.0071,0.3422,0.022,0.1994,0.3815,0.1416
12,Ahafo Ano North Municipal,Ashanti,0.0672,0.1231,0.0684,0.0257,0.0406,0.143,-0.1023,0.1662,0.0015,0.0203,0.0828,0.4055
13,Ahafo Ano South East,Ashanti,0.1709,0.2203,0.0076,0.1558,0.1468,0.1867,-0.013,0.2672,0.0179,0.2411,0.1488,0.4245
14,Ahafo Ano South West,Ashanti,0.0973,0.2049,-0.0114,0.1259,0.1533,0.1488,-0.0504,0.2738,-0.0032,0.1208,0.1736,0.3013
15,Akrofuom,Ashanti,0.0277,-0.1283,0.0943,0.0844,0.1321,0.0509,-0.148,0.13,0.0269,-0.1404,-0.3221,0.2308
16,Amansie Central,Ashanti,0.0485,0.0304,0.0399,0.0876,0.2613,-0.0084,-0.1215,0.1403,0.0109,-0.0735,-0.0231,0.1301
17,Amansie South,Ashanti,0.101,0.0559,0.0279,0.1327,0.257,-0.0376,-0.0583,0.2494,-0.0667,0.1443,0.1445,-0.0257
18,Amansie West,Ashanti,0.0727,0.1457,-0.0025,0.1283,0.2892,-0.0231,0.0152,0.2988,-0.1151,0.0591,0.3401,0.0079
19,Asante Akim Central Municipal,Ashanti,0.1094,-0.0258,0.1819,0.122,0.2298,0.0722,-0.0796,0.3771,-0.0272,0.0729,0.1049,0.3071
20,Asante Akim North Municipal,Ashanti,0.3265,-0.1474,0.3192,0.1539,0.1261,0.1335,-0.1095,0.113,0.0956,0.3686,-0.1753,0.5012
21,Asante Akim South Municipal,Ashanti,0.0782,-0.4493,0.387,0.0824,0.0727,0.1184,-0.1641,0.1878,-0.0111,0.0074,-0.4891,0.5669
22,Asokore Mampong Municipal,Ashanti,0.1274,0.2759,-0.0081,0.1324,0.2933,0.038,-0.0148,0.3125,0.0194,0.1272,0.4817,0.0784
23,Asokwa Municipal,Ashanti,0.1246,0.2694,-0.0157,0.1333,0.2919,0.0316,0.0261,0.273,-0.0412,0.124,0.4768,0.0625
24,Atwima Kwanwoma,Ashanti,0.1404,0.2591,-0.0652,0.1543,0.2843,0.0017,-0.0113,0.3374,-0.0553,0.1745,0.4641,-0.0372
25,Atwima Mponua,Ashanti,-0.0217,0.1399,0.0794,0.1586,0.1912,-0.0283,-0.1625,0.2684,-0.0046,0.078,0.2586,0.0541
26,Atwima Nwabiagya North,Ashanti,0.1809,0.254,-0.0197,0.1529,0.2059,0.1051,0.0571,0.3689,-0.0497,0.225,0.3036,0.1924
27,Atwima Nwabiagya South Municipal,Ashanti,0.1542,0.1476,0.0892,0.0538,0.101,0.1498,-0.1425,0.1671,0.0092,0.1986,0.0449,0.5844
28,Bekwai Municipal,Ashanti,0.0495,0.2077,-0.0099,0.1028,0.3,0.0046,-0.0866,0.337,-0.0231,-0.0068,0.4037,0.0579
29,Bosome Freho,Ashanti,0.0488,-0.1287,0.1787,0.1009,0.1867,0.0635,-0.1115,0.3306,-0.0355,-0.0146,-0.0377,0.3005
30,Bosomtwi,Ashanti,0.2814,-0.0063,0.1739,0.1583,0.1798,0.0605,-0.0671,0.1487,0.0817,0.2876,0.0241,0.3275
31,Ejisu Municipal,Ashanti,0.1338,0.2968,0.0093,0.1302,0.3118,0.0478,-0.06,0.373,0.0628,0.1281,0.5255,0.1103
32,Ejura Sekyedumase Municipal,Ashanti,0.2333,0.1643,0.0556,0.0174,0.2353,-0.0109,-0.3778,0.2957,-0.1695,0.3114,0.1128,0.2645
33,Juaben Municipal,Ashanti,0.3384,0.0533,0.0737,0.1734,0.1754,0.0418,-0.0342,0.1673,0.0339,0.3776,0.0799,0.1899
34,"Kumasi Metropolitan Area (KMA)-Bantama, Manhyia North, Manhyia South, Nhyiaeso, & Subin",Ashanti,0.1328,0.2693,-0.0181,0.1379,0.2873,0.0325,0.0458,0.2769,-0.0589,0.1425,0.4716,0.0569
35,Kwabre East,Ashanti,0.1473,0.2718,0.0154,0.1357,0.2856,0.0595,-0.0574,0.3562,0.0928,0.1617,0.4665,0.1207
36,Kwadaso Municipal,Ashanti,0.1446,0.2663,-0.0414,0.149,0.2838,0.0181,0.0596,0.2766,-0.0846,0.1739,0.469,0.0081
37,Mampong Municipal,Ashanti,0.2106,0.2247,0.0336,0.1398,0.2688,0.0525,-0.078,0.2393,0.088,0.3015,0.2682,0.2087
38,Obuasi East,Ashanti,0.0279,-0.0156,0.0741,0.0917,0.1825,0.0364,-0.1334,0.1172,0.041,-0.1008,0.0168,0.1829
39,Obuasi Municipal,Ashanti,0.0098,0.0869,0.0212,0.0876,0.2397,0.0079,-0.1364,0.1345,0.0311,-0.1347,0.1364,0.117
40,Offinso Municipal,Ashanti,0.2199,0.217,0.0423,0.1284,0.2182,0.0791,-0.0483,0.29,-0.0476,0.2654,0.1685,0.4147
41,Offinso North,Ashanti,0.2095,0.1472,0.0887,-0.0422,0.1532,0.0283,-0.3452,0.2258,-0.2398,0.1294,0.0518,0.5051
42,Oforikrom Municipal,Ashanti,0.117,0.2779,-0.0123,0.1286,0.2992,0.0314,-0.0292,0.3081,0.0262,0.1078,0.4895,0.0704
43,Old Tafo Municipal,Ashanti,0.1397,0.2709,-0.0096,0.1387,0.2851,0.0406,0.0086,0.3188,0.0022,0.1543,0.4692,0.0725
44,Sekyere Afram Plains,Ashanti,0.2398,0.2693,0.0566,0.3439,0.477,-0.0767,0.1586,0.5985,-0.205,0.046,0.1684,0.2367
45,Sekyere Central,Ashanti,0.316,0.2464,0.0275,0.1412,0.3086,-0.0027,-0.0738,0.406,-0.0916,0.3614,0.1927,0.2193
46,Sekyere East,Ashanti,0.1798,0.1852,0.0776,0.1468,0.2832,0.0674,-0.089,0.3893,0.0859,0.1978,0.3671,0.1921
47,Sekyere Kumawu,Ashanti,0.2328,0.1872,0.0591,0.1563,0.2583,0.0741,-0.072,0.2877,0.0664,0.2782,0.2968,0.1868
48,Sekyere South,Ashanti,0.2066,0.2294,0.0378,0.1456,0.2554,0.0694,-0.0532,0.2909,0.1142,0.2818,0.2812,0.2303
49,Suame Municipal,Ashanti,0.1417,0.2703,-0.0156,0.1413,0.2837,0.0369,0.0277,0.311,-0.0215,0.1608,0.4681,0.0599
50,Banda,Bono,0.0263,0.0627,0.1217,-0.007,0.3625,-0.0193,-0.2051,0.4702,-0.1343,-0.0549,0.2665,0.1557
51,Berekum East Municipal,Bono,0.1397,0.0477,0.1187,-0.039,0.2288,-0.0158,-0.1934,0.222,-0.0172,-0.0445,0.1315,0.3431
52,Berekum West,Bono,0.1614,0.0373,0.0652,-0.0293,0.2117,-0.0184,-0.1609,0.1817,-0.0325,-0.035,0.1338,0.2616
53,Dormaa Central Municipal,Bono,0.1977,0.0172,0.0266,-0.0941,0.0975,0.0323,-0.1799,0.1581,-0.0351,-0.093,0.0455,0.2272
54,Dormaa East,Bono,0.1866,0.0426,0.0672,-0.0814,0.0976,0.0319,-0.1726,0.1639,-0.0455,-0.036,0.0962,0.2887
55,Dormaa West,Bono,0.2102,-0.0996,0.0491,-0.105,0.1628,0.0335,-0.2035,0.1112,-0.0088,-0.1232,-0.0089,0.2121
56,Jaman North,Bono,0.0749,0.0575,0.0912,0.0189,0.3296,-0.0314,-0.2069,0.3136,0.0241,-0.0462,0.2248,0.1914
57,Jaman South,Bono,0.1441,0.0466,0.0408,0.0006,0.2518,-0.0319,-0.1479,0.24,-0.0156,-0.043,0.1722,0.2067
58,Sunyani Municipal,Bono,0.129,0.0938,0.1837,-0.0927,0.1489,0.0419,-0.2371,0.2754,-0.1405,-0.0573,0.0959,0.5337
59,Sunyani West Municipal,Bono,0.1263,0.0927,0.1873,-0.0955,0.1569,0.0326,-0.2328,0.2773,-0.1394,-0.0697,0.1055,0.5215
60,Tain,Bono,0.041,0.0369,0.1574,-0.0217,0.3631,-0.038,-0.2928,0.5012,-0.2982,-0.0682,0.1672,0.3005
61,Wenchi Municipal,Bono,0.0468,0.0337,0.1742,-0.0319,0.3545,-0.058,-0.3066,0.5764,-0.4901,-0.1445,0.1125,0.4029
62,Atebubu Amantin Municipal,Bono East,0.0652,0.0741,0.0786,0.0148,0.3224,-0.0355,-0.3031,0.5031,-0.1846,0.0628,0.0452,0.2619
63,Kintampo North Municipal,Bono East,0.045,0.0204,0.1439,-0.0325,0.3694,-0.0523,-0.3783,0.6064,-0.2877,-0.0338,0.0932,0.3008
64,Kintampo South,Bono East,0.0569,0.014,0.1518,-0.0295,0.351,-0.0458,-0.3968,0.6064,-0.3151,-0.0343,0.0239,0.3618
65,Nkoranza North,Bono East,0.0873,0.0224,0.1446,-0.0035,0.3137,-0.0272,-0.3645,0.599,-0.359,0.0013,-0.0587,0.4219
66,Nkoranza South Municipal,Bono East,0.1235,0.0588,0.1387,0.0171,0.2459,-0.0426,-0.2029,0.393,-0.4101,0.0409,-0.0202,0.4775
67,Pru East,Bono East,0.0457,0.0818,0.0735,0.0187,0.3541,-0.005,-0.2101,0.5176,-0.2061,0.0503,0.1205,0.1939
68,Pru West,Bono East,0.0498,0.0679,0.102,0.0279,0.353,-0.0151,-0.2643,0.563,-0.1831,0.0144,0.0832,0.3001
69,Sene East,Bono East,-0.0541,0.2532,0.0236,-0.0111,0.2397,0.0084,0.0319,0.9658,-0.1845,-0.0124,0.4859,0.0722
70,Sene West,Bono East,0.0529,0.1595,0.0487,0.0262,0.3441,-0.013,-0.1341,0.6391,-0.2255,0.1045,0.2253,0.1451
71,Techiman Municipal,Bono East,0.0813,0.0389,0.1881,-0.0187,0.3011,-0.0493,-0.3535,0.462,-0.3678,-0.1146,0.0297,0.5838
72,Techiman North,Bono East,0.0523,0.0251,0.1877,-0.0225,0.3495,-0.0893,-0.2942,0.5695,-0.5201,-0.1657,0.0691,0.484
73,Abura Asebu Kwamankese,Central,0.0375,0.0339,0.0957,0.0662,0.1559,0.0591,-0.1927,0.3258,-0.0267,-0.033,0.2697,0.1541
74,Agona East,Central,0.2581,-0.032,0.1612,0.1321,0.1807,0.0729,-0.2414,0.2788,0.0181,0.1421,0.0771,0.2766
75,Agona West Municipal,Central,0.063,0.137,0.0163,0.0711,0.2612,-0.0248,-0.133,0.2568,-0.0236,-0.0608,-0.089,0.3227
76,Ajumako Enyan Essiam,Central,-0.0041,0.0042,0.1744,0.0613,0.1475,0.0871,-0.2082,0.2784,0.009,-0.1598,0.1557,0.2673
77,Asikuma Odoben Brakwa,Central,-0.0771,-0.0902,0.312,0.0472,0.1095,0.1239,-0.1307,0.2261,-0.0645,-0.1957,0.0432,0.3859
78,Assin Central Municipal,Central,-0.0197,-0.2163,0.2841,0.0585,0.0731,0.1213,-0.101,0.2005,-0.0148,-0.0524,-0.1153,0.32
79,Assin North,Central,0.001,-0.2676,0.2746,0.0654,0.0545,0.1172,-0.0927,0.1985,-0.006,-0.035,-0.197,0.3352
80,Assin South,Central,0.0199,-0.1339,0.2127,0.0667,0.1134,0.1004,-0.1814,0.2388,-0.0274,-0.0642,0.024,0.1997
81,Awutu Senya West,Central,0.1517,0.0785,0.2167,0.0813,0.2493,0.085,-0.1655,0.2494,0.0068,0.0361,0.1835,0.3486
82,Awutu Senya East Municipal,Central,-0.0118,0.3403,0.1647,0.0311,0.2997,0.0978,-0.0988,0.0984,0.1294,-0.1236,0.4288,0.3267
83,Cape Cape Metropolitan Area (CCMA)-Cape Coast South & Cape Coast North,Central,0.0627,0.1354,0.0462,0.0652,0.1769,0.0343,-0.1839,0.3573,-0.0526,0.0474,0.4943,0.1283
84,Effutu Municipal,Central,0.001,0.2938,0.1234,0.0368,0.2825,0.0806,-0.1361,0.1365,0.1165,-0.1331,0.3984,0.2717
85,Ekumfi,Central,0.0139,0.0793,0.0946,0.0658,0.1705,0.0664,-0.2266,0.2756,0.0355,-0.1854,0.2319,0.2268
86,Gomoa Central,Central,0.095,0.1933,0.1535,0.064,0.2568,0.0855,-0.1363,0.1361,0.1087,-0.0243,0.2911,0.3013
87,Gomoa East,Central,0.095,0.1933,0.1535,0.064,0.2568,0.0855,-0.1363,0.1361,0.1087,-0.0243,0.2911,0.3013
88,Gomoa West,Central,0.0311,0.0984,0.1138,0.0702,0.1867,0.0685,-0.233,0.2737,0.0395,-0.1552,0.2376,0.2393
89,Komenda Edina Eguafo Abirem Municipal,Central,0.0567,0.2212,-0.0026,0.0673,0.2291,-0.0015,-0.1791,0.3735,-0.0709,-0.005,0.4322,0.1632
90,Mfantsiman Municipal,Central,0.0254,0.0236,0.1179,0.0659,0.1581,0.0714,-0.2151,0.2834,0.0204,-0.0948,0.1557,0.2003
91,Twifo Ati Morkwa,Central,-0.0274,0.0776,-0.0338,0.0667,0.2028,0.0226,-0.1488,0.1981,-0.0142,-0.2856,-0.0045,-0.0598
92,Twifo Heman Lower Denkyira,Central,0.0102,0.1555,-0.0164,0.0685,0.2168,0.0117,-0.1872,0.221,-0.0311,-0.1722,0.2283,0.0418
93,Upper Denkyira East Municipal,Central,-0.0021,0.0346,-0.0002,0.0673,0.1817,0.0356,-0.165,0.1795,-0.0019,-0.2028,-0.0696,-0.0052
94,Upper Denkyira West,Central,0.1392,-0.076,0.0599,0.0788,0.2052,0.0027,-0.136,0.1942,-0.0141,0.2256,-0.3085,0.0544
95,Abuakwa North Municipal,Eastern,0.2606,0.0039,0.1295,0.1373,0.1678,0.0627,-0.0818,0.2165,0.0389,0.2483,0.0803,0.2443
96,Abuakwa South Municipal,Eastern,0.265,0.0279,0.0758,0.1412,0.1774,0.0489,-0.0894,0.2349,0.016,0.2511,0.1341,0.1575
97,Achiase,Eastern,-0.1657,-0.1813,0.3496,0.0269,0.0691,0.1365,-0.0892,0.2119,-0.0324,-0.2408,-0.0559,0.4315
98,Akwapim North Municipal,Eastern,0.2441,0.155,0.085,0.161,0.2054,0.0231,-0.1084,0.3028,0.0011,0.1901,0.2822,0.1805
99,Akwapim South Municipal,Eastern,-0.0474,0.4535,-0.0429,-0.0423,0.4016,0.0073,0.2288,0.5043,-0.0934,0.0463,0.5309,0.0176
100,Akyemansa,Eastern,-0.1237,-0.2965,0.3641,0.0488,0.0224,0.138,-0.1003,0.1908,0.0036,-0.2004,-0.2251,0.5016
101,Asene Manso Akroso,Eastern,-0.0157,-0.1089,0.2183,0.0723,0.1177,0.0897,-0.085,0.2648,-0.0556,-0.0629,0.0017,0.2836
102,Asuogyaman,Eastern,0.2108,-0.0838,0.2102,0.2284,0.2397,0.0164,-0.0645,0.197,0.0119,0.1083,-0.1553,0.4107
103,Atiwa East,Eastern,0.1874,0.0529,0.0938,0.101,0.1875,0.0486,-0.2016,0.3309,-0.0308,0.1238,0.2065,0.1656
104,Atiwa West,Eastern,0.1772,0.0579,0.0479,0.1066,0.2014,0.0383,-0.2142,0.4183,-0.0519,0.1014,0.2605,0.092
105,Ayensuano,Eastern,0.2598,0.0217,0.0495,0.1673,0.1908,0.0292,-0.0632,0.2453,-0.0114,0.2494,0.0898,0.1383
106,Birim Central Municipal,Eastern,-0.1682,-0.1525,0.3201,0.0334,0.0654,0.1289,-0.0887,0.1921,-0.0114,-0.2434,-0.0196,0.4172
107,Birim North,Eastern,-0.0637,-0.3496,0.3637,0.0525,0.0304,0.1261,-0.1339,0.1724,0.0059,-0.1596,-0.3775,0.5376
108,Birim South,Eastern,-0.1716,-0.1721,0.3323,0.03,0.0628,0.1327,-0.0872,0.198,-0.0166,-0.2417,-0.0415,0.4256
109,Denkyembuor,Eastern,0.0043,0.0366,0.1164,0.0807,0.1495,0.066,-0.0993,0.2202,-0.0244,-0.0563,0.2269,0.162
110,Fanteakwa North,Eastern,0.2256,-0.0463,0.1941,0.142,0.183,0.0549,-0.0926,0.2122,0.0315,0.1913,-0.0058,0.3399
111,Fanteakwa South,Eastern,0.2387,-0.0522,0.2075,0.1396,0.1744,0.0654,-0.0771,0.2272,0.0364,0.2204,-0.0011,0.3554
112,Kwaebibirem Municipal,Eastern,-0.154,0.163,0.139,0.0394,0.1705,0.068,-0.1382,0.2051,-0.0046,-0.2807,0.3638,0.2125
113,Kwahu Afram Plains North,Eastern,0.1682,-0.2339,0.3119,0.2174,-0.1476,0.2477,-0.088,0.2537,-0.0645,0.0126,-0.0019,0.3303
114,Kwahu Afram Plains South,Eastern,0.0469,-0.4338,0.5576,0.1399,0.055,0.1819,-0.1725,0.1121,0.0707,-0.1079,-0.5084,0.749
115,Kwahu East,Eastern,0.2165,-0.3719,0.4702,0.0981,0.0484,0.1636,-0.1133,0.143,0.0488,0.1929,-0.4557,0.6763
116,Kwahu South Municipal,Eastern,-0.0474,0.4535,-0.0429,-0.0423,0.4016,0.0073,0.2288,0.5043,-0.0934,0.0463,0.5309,0.0176
117,Kwahu West Municipal,Eastern,0.0364,0.0009,0.1559,0.0394,0.1597,0.0611,-0.2434,0.2525,-0.0299,-0.1207,0.1511,0.2177
118,Lower Manya Krobo Municipal,Eastern,0.2414,0.011,0.1628,0.2107,0.2492,0.0392,-0.0631,0.1907,0.05,0.1909,0.0352,0.289
119,New Juaben North Municipal,Eastern,0.2936,0.0386,0.0968,0.1531,0.1766,0.0517,-0.0657,0.1403,0.0664,0.2992,0.0898,0.2173
120,New Juaben South Municipal,Eastern,0.3384,0.0533,0.0737,0.1734,0.1754,0.0418,-0.0342,0.1673,0.0339,0.3776,0.0799,0.1899
121,Nsawam Adoagyiri Municipal,Eastern,0.1636,0.0335,0.0851,0.13,0.2325,0.007,-0.0874,0.2828,-0.0466,0.0859,0.1227,0.1788
122,Okere,Eastern,0.359,0.0718,0.0778,0.2004,0.1869,0.0294,-0.0201,0.2093,0.0087,0.424,0.1313,0.1707
123,Suhum Municipal,Eastern,0.3059,0.0047,0.0476,0.168,0.1724,0.0379,-0.0475,0.1241,0.0446,0.3261,0.0578,0.1333
124,Upper Manya Krobo,Eastern,0.226,-0.1506,0.3044,0.2002,0.2318,0.0407,-0.0546,0.1978,0.0669,0.1572,-0.2241,0.5353
125,Upper West Akim,Eastern,0.2621,-0.043,0.1269,0.1828,0.1895,0.0334,-0.0952,0.2702,-0.0494,0.2097,0.0353,0.2239
126,West Akim Municipal,Eastern,0.1274,-0.066,0.1421,0.1182,0.1661,0.06,-0.1006,0.3075,-0.0513,0.0867,0.0509,0.2079
127,Yilo Krobo Municipal,Eastern,0.2867,0.008,0.1636,0.1673,0.1885,0.0554,-0.0604,0.1801,0.0566,0.2964,0.0409,0.3104
128,Ablekuma Central Municipal,Greater Accra,0.0238,0.1145,0.2439,0.0579,0.1633,0.1111,-0.1049,0.0212,0.0891,-0.0786,0.114,0.3651
129,Ablekuma North Municipal,Greater Accra,0.0239,0.1083,0.2364,0.0581,0.1629,0.1056,-0.1147,0.0318,0.1007,-0.0776,0.1056,0.361
130,Ablekuma West Municipal,Greater Accra,0.0174,0.1241,0.2687,0.0556,0.1668,0.1264,-0.111,0.0215,0.099,-0.0846,0.1246,0.4051
131,"Accra Metropolitan Area (AMA)-Ablekuma South, Ashiedu Keteke & Okaikoi South",Greater Accra,0.0286,0.111,0.2209,0.0593,0.1623,0.0969,-0.0966,0.0217,0.0713,-0.0745,0.11,0.3261
132,Ada East,Greater Accra,0.0779,0.1761,0.0729,0.2092,0.3558,-0.0354,-0.0835,0.3121,-0.0553,-0.144,0.2058,0.2406
133,Ada West,Greater Accra,0.1499,0.1625,0.0881,0.2444,0.3264,-0.0146,-0.0305,0.2794,-0.0581,-0.0471,0.2501,0.2248
134,Adentan Municipal,Greater Accra,0.0489,0.0966,0.1396,0.0637,0.1761,0.0418,-0.0837,0.0669,0.0428,-0.0556,0.1009,0.2058
135,Ashaiman Municipal,Greater Accra,0.0509,0.192,0.1483,0.0542,0.2559,0.0599,-0.1324,0.1566,-0.03,-0.0745,0.2784,0.2027
136,Ayawaso Central Municipal,Greater Accra,0.0313,0.1068,0.202,0.0601,0.1634,0.0843,-0.0961,0.03,0.0613,-0.0715,0.1053,0.3012
137,Ayawaso East Municipal,Greater Accra,0.0339,0.1021,0.1968,0.0614,0.1596,0.0816,-0.0935,0.0302,0.0589,-0.0685,0.0977,0.2906
138,Ayawaso North Municipal,Greater Accra,0.0325,0.1072,0.1954,0.0603,0.164,0.08,-0.0936,0.0326,0.0559,-0.0708,0.1061,0.2896
139,Ayawaso West Municipal,Greater Accra,0.0332,0.1199,0.1742,0.0583,0.1788,0.0654,-0.1006,0.0478,0.0533,-0.0729,0.128,0.2578
140,Ga Central Municipal,Greater Accra,0.0539,0.1292,0.0264,0.0846,0.2506,-0.0175,-0.127,0.2337,-0.0229,-0.1797,-0.0718,0.309
141,Ga East Municipal,Greater Accra,0.0133,0.1536,0.2159,0.0368,0.2568,0.075,-0.1565,0.2179,0.034,-0.1111,0.2337,0.338
142,Ga North Municipal,Greater Accra,0.0133,0.1536,0.2159,0.0368,0.2568,0.075,-0.1565,0.2179,0.034,-0.1111,0.2337,0.338
143,Ga South Municipal,Greater Accra,0.0133,0.1536,0.2159,0.0368,0.2568,0.075,-0.1565,0.2179,0.034,-0.1111,0.2337,0.338
144,Ga West Municipal,Greater Accra,0.0133,0.1536,0.2159,0.0368,0.2568,0.075,-0.1565,0.2179,0.034,-0.1111,0.2337,0.338
145,Korle Klottey Municipal,Greater Accra,0.0302,0.1088,0.213,0.0599,0.1616,0.092,-0.0951,0.0231,0.0669,-0.0729,0.107,0.3139
146,Kpone Katamanso Municipal,Greater Accra,0.0958,0.1304,0.1352,0.0711,0.2351,0.0522,-0.119,0.1776,-0.0509,-0.0318,0.2146,0.1951
147,Krowor Municipal,Greater Accra,0.0386,0.1439,0.1657,0.0566,0.2036,0.0661,-0.1155,0.0526,0.0043,-0.0729,0.1723,0.2334
148,La Dade-Kotopon Municipal,Greater Accra,0.0337,0.1169,0.1838,0.0593,0.1731,0.0735,-0.1006,0.0365,0.0553,-0.0715,0.1207,0.2683
149,La Nkwantanang Madina Municipal,Greater Accra,0.0608,0.0866,0.1251,0.0679,0.1776,0.0313,-0.0684,0.1326,0.0015,-0.0438,0.0964,0.1883
150,Ledzokuku Municipal,Greater Accra,0.042,0.1078,0.1698,0.0624,0.1706,0.0677,-0.1116,0.0485,0.0225,-0.0613,0.1046,0.2424
151,Ningo-Prampram,Greater Accra,0.2165,0.173,0.0948,0.1445,0.3278,0.0442,-0.1465,0.3403,-0.0345,0.089,0.3718,0.1382
152,Okaikoi North Municipal,Greater Accra,0.025,0.1228,0.2067,0.0559,0.1785,0.0851,-0.1097,0.0367,0.0913,-0.0806,0.1333,0.3134
153,Shai-Osudoku,Greater Accra,0.2994,0.066,0.0877,0.2549,0.2588,0.0345,-0.0624,0.2872,-0.0339,0.2401,0.1635,0.1465
154,Tema Metropolitan Area (TMA)-Tema Central & Tema East,Greater Accra,0.044,0.2038,0.1506,0.0515,0.2607,0.0613,-0.1348,0.1475,-0.0181,-0.0813,0.2923,0.2035
155,Tema West Municipal,Greater Accra,0.0434,0.1517,0.1551,0.0563,0.2165,0.0602,-0.1154,0.0592,-0.0123,-0.0716,0.194,0.2162
156,Weija Gbawe Municipal,Greater Accra,0.0103,0.131,0.2816,0.0526,0.172,0.1334,-0.1183,0.0257,0.1057,-0.0922,0.1333,0.43
157,Bunkpurugu Nakpanduri,North East,-0.0543,0.2254,0.1188,0.0791,0.1699,-0.0002,-0.1514,0.2274,0.1078,-0.1852,0.3135,0.287
158,Chereponi,North East,-0.0405,0.0954,0.1281,0.0805,0.1363,0.0605,-0.1108,-0.6374,0.5105,-0.1932,0.0378,0.2898
159,East Mamprusi Municipal,North East,-0.054,0.2749,0.0768,0.0847,0.1418,0.0252,-0.1457,0.1421,0.2308,-0.1838,0.3981,0.2098
160,Mamprugu Moagduri,North East,0.0247,0.0902,0.1143,0.149,-0.0389,0.102,0.0003,0.0443,0.1146,-0.1226,0.2797,0.186
161,West Mamprusi Municipal,North East,-0.055,0.3396,-0.0058,0.1054,0.0599,0.0639,-0.06,0.1155,0.1776,-0.1857,0.5199,0.085
162,Yunyoo Nasuan,North East,-0.0571,0.181,0.1384,0.08,0.1677,0.0201,-0.1555,0.1525,0.164,-0.1962,0.2207,0.3146
163,Gushegu Municipal,Northern,-0.0688,0.1821,0.0094,0.0731,0.0224,0.1294,-0.1265,-0.6154,0.5957,-0.1887,0.2303,0.1238
164,Karaga,Northern,-0.0567,0.1787,0.0167,0.0925,-0.0019,0.1557,-0.1427,-0.4238,0.5953,-0.1752,0.2695,0.1021
165,Kpandai,Northern,-0.052,0.4635,-0.0331,-0.0307,0.4112,0.0222,0.0768,0.6099,-0.2145,0.014,0.5581,0.0057
166,Kumbungu,Northern,-0.0166,0.0894,0.0131,0.0808,0.0687,0.0413,0.0964,-0.0458,0.1051,-0.0407,0.1732,0.1191
167,Mion,Northern,-0.0427,0.2271,-0.126,0.0163,0.164,-0.036,-0.0897,0.0394,0.1645,-0.0579,0.2087,0.1104
168,Nanton,Northern,-0.0383,0.1611,-0.0478,0.0445,0.1167,0.0109,-0.0444,-0.0517,0.2167,-0.0525,0.1912,0.1159
169,Nanumba North Municipal,Northern,-0.0669,0.4839,-0.196,-0.021,0.4163,-0.106,-0.0242,0.5592,-0.128,-0.0272,0.51,-0.0256
170,Nanumba South,Northern,-0.0796,0.5562,-0.1554,-0.0397,0.4824,-0.0689,0.0134,0.5703,-0.1978,-0.0143,0.5688,-0.0262
171,Saboba,Northern,-0.0617,0.2476,-0.0864,0.0154,0.1323,0.0124,-0.1301,-0.8374,0.4721,-0.1052,0.1815,0.1242
172,Sagnarigu Municipal,Northern,-0.0225,0.1117,-0.0154,0.0592,0.0974,0.0203,0.0187,0.0175,0.117,-0.0345,0.1861,0.1078
173,Savelugu Municipal,Northern,-0.0273,0.1294,-0.0114,0.071,0.0846,0.0355,0.0544,-0.0769,0.1629,-0.0515,0.1811,0.1205
174,Tamale Metropolitan Area (TMA)-Tamale Central & Tamale South,Northern,-0.0175,0.1039,-0.0174,0.055,0.0982,0.0164,-0.0334,0.0817,0.1051,-0.0391,0.1965,0.1056
175,Tatale Sanguli,Northern,-0.0799,0.5765,-0.2158,-0.0306,0.4765,-0.1112,-0.0839,0.3771,-0.0777,-0.0642,0.5227,-0.0386
176,Tolon,Northern,0.0195,-0.0181,0.0867,0.1265,-0.0077,0.0831,0.1708,-0.0879,0.0599,-0.0298,0.1323,0.1369
177,Yendi Municipal,Northern,-0.048,0.26,-0.1418,0.0076,0.1753,-0.0443,-0.083,-0.1385,0.1976,-0.0537,0.2321,0.0784
178,Zabzugu,Northern,-0.0785,0.5632,-0.221,-0.0277,0.4673,-0.1179,-0.0646,0.392,-0.0684,-0.0571,0.5147,-0.0363
179,Biakoye,Oti,-0.1058,0.2171,-0.0324,-0.0788,0.2073,-0.0317,0.522,0.6815,-0.1994,-0.0039,0.3832,0.053
180,Guan,Oti,-0.0657,0.1806,-0.0077,-0.0254,0.1735,0.0296,0.1987,0.4269,-0.2399,0.0028,0.3241,0.0175
181,Jasikan Municipal,Oti,-0.112,0.2251,-0.0249,-0.0891,0.2161,-0.0074,0.3686,0.5684,-0.2362,-0.0,0.3587,0.0434
182,Kadjebi,Oti,-0.0858,0.2892,0.0075,-0.0753,0.2723,0.0275,0.2551,0.4418,-0.0805,0.0161,0.4135,0.0597
183,Krachi East Municipal,Oti,-0.0722,0.273,0.0172,-0.0564,0.256,0.0285,0.2941,0.5616,-0.1013,0.0154,0.4396,0.0582
184,Krachi Nchumuru,Oti,-0.0545,0.3821,0.0302,-0.036,0.3451,0.066,0.1117,0.6566,-0.2103,0.0253,0.5517,0.0213
185,Krachi West Municipal,Oti,-0.0381,0.3001,0.0287,-0.0208,0.2737,0.0396,0.269,0.7551,-0.1517,0.0295,0.501,0.048
186,Nkwanta North (Kpassa),Oti,-0.0462,0.5048,-0.0753,-0.0284,0.444,-0.0131,0.1073,0.5618,-0.185,0.0234,0.557,0.0014
187,Nkwanta South Municipal,Oti,-0.0474,0.4535,-0.0429,-0.0423,0.4016,0.0073,0.2289,0.5043,-0.0933,0.0464,0.5308,0.0177
188,Bole,Savannah,0.0571,0.0327,0.0963,0.0893,0.2668,0.0456,-0.2208,0.6029,-0.1302,-0.0212,0.3584,0.0375
189,Central Gonja,Savannah,0.1018,-0.1359,0.1079,0.1336,-0.058,0.0995,-0.178,0.3626,0.0049,0.0143,0.2286,0.0905
190,East Gonja Municipal,Savannah,0.0283,0.0822,0.0869,0.0409,0.163,0.1023,-0.0701,0.5992,-0.2333,0.0133,0.4331,0.0515
191,North East Gonja,Savannah,-0.0217,0.2665,-0.1514,0.0218,0.2297,-0.0744,-0.0569,0.2792,0.0428,-0.0224,0.3704,0.0147
192,North Gonja,Savannah,-0.0217,0.2665,-0.1514,0.0218,0.2297,-0.0744,-0.0569,0.2792,0.0428,-0.0224,0.3704,0.0147
193,Sawla Tuna Kalba,Savannah,0.0572,-0.1168,0.1836,0.1238,0.0277,0.092,-0.1269,0.0811,0.18,-0.0299,-0.0998,0.3593
194,West Gonja,Savannah,0.1015,-0.2693,0.2237,0.1799,-0.1432,0.1523,0.2354,-0.0503,-0.043,0.0524,-0.0659,0.2175
195,Bawku Municipal,Upper East,-0.0487,0.2395,0.1031,0.0793,0.18,-0.0297,-0.1058,0.2716,-0.1097,-0.174,0.3473,0.2717
196,Bawku West,Upper East,-0.0432,0.2637,0.0699,0.0807,0.1694,-0.0226,-0.099,0.2466,-0.1053,-0.1648,0.3908,0.2156
197,Binduri,Upper East,-0.0481,0.2442,0.0977,0.0796,0.1777,-0.0276,-0.103,0.2674,-0.1135,-0.1728,0.3553,0.2618
198,Bolgatanga East,Upper East,-0.0293,0.2801,0.0267,0.0873,0.1499,-0.0203,-0.1032,0.1927,-0.0276,-0.1461,0.431,0.1484
199,Bolgatanga Municipal,Upper East,-0.0293,0.2801,0.0267,0.0873,0.1499,-0.0203,-0.1032,0.1927,-0.0276,-0.1461,0.431,0.1484
200,Bongo,Upper East,-0.029,0.2722,0.0338,0.0857,0.1595,-0.0287,-0.109,0.2221,-0.0477,-0.1453,0.4164,0.1616
201,Builsa North Municipal,Upper East,0.0085,0.186,0.0337,0.1126,0.0542,0.0107,-0.1231,0.2467,-0.0562,-0.1112,0.3828,0.1201
202,Builsa South,Upper East,0.0066,0.2014,0.0389,0.1206,0.0237,0.0384,-0.1076,0.2043,-0.0272,-0.1182,0.4133,0.1185
203,Garu,Upper East,-0.0517,0.2352,0.1098,0.0788,0.1733,-0.011,-0.1425,0.2491,0.0431,-0.1801,0.3352,0.2762
204,Kasena Nankana Municipal,Upper East,0.0087,0.1802,0.0283,0.1083,0.074,-0.007,-0.1267,0.2641,-0.0654,-0.1085,0.3656,0.1199
205,Kasena Nankana West,Upper East,0.0087,0.1802,0.0283,0.1083,0.074,-0.007,-0.1267,0.2641,-0.0654,-0.1085,0.3656,0.1199
206,Nabdam,Upper East,-0.0365,0.2745,0.0451,0.0829,0.164,-0.0268,-0.1038,0.2278,-0.0738,-0.1551,0.4138,0.1782
207,Pusiga,Upper East,-0.051,0.2314,0.114,0.0788,0.1816,-0.0277,-0.1095,0.2767,-0.1013,-0.1782,0.3319,0.2893
208,Talensi,Upper East,-0.0427,0.2916,0.0403,0.0835,0.1537,-0.012,-0.0799,0.1774,-0.0915,-0.1642,0.4378,0.1656
209,Tempane,Upper East,-0.0527,0.2261,0.1191,0.0781,0.1784,-0.0168,-0.136,0.2642,-0.0013,-0.1819,0.3198,0.2941
210,Daffiama Bussie Issa,Upper West,0.0482,-0.0502,0.1477,0.1254,-0.0082,0.0914,-0.0745,0.1672,0.0507,-0.0272,0.0241,0.3092
211,Jirapa Municipal,Upper West,0.0459,-0.0369,0.1342,0.1207,-0.006,0.0902,-0.0768,0.1393,0.1039,-0.0291,0.0316,0.313
212,Lambussie Karni,Upper West,0.0486,-0.0352,0.131,0.1274,-0.0232,0.096,-0.0988,0.1924,0.0628,-0.035,0.064,0.2936
213,Lawra Municipal,Upper West,0.0453,-0.0297,0.1279,0.1189,-0.0019,0.0882,-0.0796,0.1361,0.1136,-0.0289,0.0358,0.3117
214,Nadowli Kaleo,Upper West,0.0426,-0.0305,0.1314,0.1115,0.0197,0.0812,-0.0617,0.1016,0.1268,-0.0218,0.0019,0.3259
215,Nandom,Upper West,0.0483,-0.0345,0.1303,0.1267,-0.0218,0.0954,-0.0971,0.1863,0.0703,-0.0345,0.0619,0.2954
216,Sissala East Municipal,Upper West,0.0591,-0.0572,0.1628,0.1491,-0.0558,0.1053,-0.1988,0.3934,-0.1789,-0.0611,0.115,0.2527
217,Sissala West,Upper West,0.0529,-0.0515,0.1475,0.1374,-0.0441,0.104,-0.1238,0.262,-0.0277,-0.044,0.0783,0.2833
218,Wa East,Upper West,0.0443,-0.0572,0.1502,0.1107,0.0175,0.0856,-0.0408,0.0358,0.1645,-0.0193,-0.0401,0.3449
219,Wa Municipal,Upper West,0.0442,-0.0564,0.1497,0.1106,0.0179,0.0854,-0.0412,0.0364,0.1643,-0.0193,-0.0395,0.3446
220,Wa West,Upper West,0.0419,-0.0425,0.1392,0.1035,0.0421,0.0757,-0.0579,0.0137,0.2048,-0.0216,-0.0524,0.3539
221,Adaklu,Volta,0.145,0.0378,0.0667,0.168,0.1597,0.0108,-0.1492,0.2296,-0.0297,0.0121,0.0829,0.1887
222,Afadzato South,Volta,0.0026,0.1024,0.0414,0.0459,0.1004,0.0777,0.1174,0.3977,-0.2386,0.0089,0.2763,0.046
223,Agortime-Ziope,Volta,0.1278,0.0453,0.0663,0.1566,0.167,0.0101,-0.1775,0.249,-0.0316,-0.0159,0.0953,0.1855
224,Akatsi North,Volta,0.0934,0.0714,0.0694,0.1349,0.203,0.0041,-0.1882,0.2628,-0.033,-0.0649,0.1016,0.1973
225,Akatsi South Municipal,Volta,-0.0474,0.4535,-0.0429,-0.0423,0.4016,0.0073,0.2288,0.5043,-0.0934,0.0463,0.5309,0.0176
226,Anloga,Volta,0.0592,0.1461,0.0602,0.1756,0.342,-0.0441,-0.132,0.3458,-0.0473,-0.1628,0.1399,0.2306
227,Central Tongu,Volta,0.1141,0.0976,0.0722,0.1569,0.2872,-0.023,-0.1563,0.2759,-0.0514,-0.0274,0.0476,0.23
228,Ho Municipal,Volta,0.1615,0.0006,0.0737,0.1872,0.0657,0.0532,-0.0996,0.2179,-0.0209,0.041,0.1197,0.1735
229,Ho West,Volta,0.1626,0.0072,0.0707,0.187,0.0746,0.0484,-0.1042,0.2069,-0.0122,0.0414,0.1164,0.1767
230,Hohoe Municipal,Volta,-0.0542,0.1713,-0.016,-0.0144,0.1584,0.0228,0.1748,0.4523,-0.2551,0.0114,0.332,0.0199
231,Keta Municipal,Volta,0.0683,0.1221,0.0635,0.1576,0.3084,-0.0352,-0.1637,0.3044,-0.0427,-0.1354,0.111,0.2243
232,Ketu North Municipal,Volta,0.0773,0.0823,0.0709,0.1341,0.2262,-0.0049,-0.183,0.2724,-0.0365,-0.0991,0.0956,0.2103
233,Ketu South Municipal,Volta,0.0701,0.0887,0.0701,0.1408,0.2486,-0.0152,-0.1789,0.2802,-0.0379,-0.1207,0.0901,0.2186
234,Kpando Municipal,Volta,0.0462,0.0912,0.0452,0.0934,0.0849,0.0722,0.0254,0.4827,-0.2853,0.0121,0.2848,0.0712
235,North Dayi,Volta,0.1226,-0.0838,0.1635,0.1686,-0.083,0.1855,-0.0484,0.4525,-0.2419,0.0275,0.1964,0.1387
236,North Tongu,Volta,0.2221,0.0695,0.1012,0.2375,0.3173,-0.0158,-0.0562,0.2775,-0.0641,0.1325,0.019,0.2498
237,South Dayi,Volta,0.1874,-0.0389,0.1244,0.2112,0.1132,0.0279,-0.0815,0.1459,0.0223,0.0666,-0.0232,0.3113
238,South Tongu,Volta,0.082,0.1422,0.0701,0.1743,0.3429,-0.0396,-0.1239,0.3236,-0.0554,-0.1113,0.117,0.2403
239,Ahanta West Municipal,Western,0.0663,0.1319,0.0182,0.0719,0.2594,-0.024,-0.1337,0.2594,-0.0254,-0.0586,-0.0877,0.3194
240,Effia Kwesimintsim Municipal,Western,0.0562,0.1666,0.005,0.0668,0.2661,-0.0268,-0.1383,0.2527,-0.0134,-0.0446,-0.029,0.3162
241,Ellembelle,Western,0.1214,0.0585,0.0447,0.1114,0.2268,-0.0099,-0.1027,0.2317,-0.0479,-0.2673,0.0218,0.2371
242,Jomoro Municipal,Western,0.166,0.0214,0.0355,0.1252,0.2117,-0.0052,-0.0885,0.2162,-0.0597,-0.3452,0.1032,0.1781
243,Mpohor,Western,0.0556,0.1516,0.0111,0.069,0.2638,-0.0257,-0.1327,0.2503,-0.0172,-0.0654,-0.0678,0.3228
244,Nzema East Municipal,Western,0.0872,0.0878,0.0404,0.0928,0.2387,-0.0137,-0.1192,0.2472,-0.038,-0.1841,-0.0415,0.2861
245,Prestea/Huni Valley Municipal,Western,0.0575,0.1369,0.0218,0.0899,0.2504,-0.015,-0.1256,0.2195,-0.0281,-0.18,-0.0838,0.2871
246,"Sekondi Takoradi Metropolitan Area (STMA)- Takoradi, Sekondi & Essikado-Ketan",Western,0.0582,0.1771,0.0022,0.067,0.263,-0.0244,-0.1451,0.2596,-0.0133,-0.0306,0.0281,0.3006
247,Shama,Western,0.0522,0.206,-0.0081,0.0658,0.2611,-0.0224,-0.1523,0.2754,-0.0183,-0.0362,0.1347,0.2669
248,Tarkwa-Nsuaem Municipal,Western,0.0439,0.141,0.0201,0.0802,0.2543,-0.0195,-0.1236,0.2319,-0.0192,-0.1744,-0.0686,0.3118
249,Wassa Amenfi Central,Western,0.1421,0.0607,0.0064,0.0683,0.2186,0.0096,-0.1647,0.2024,-0.0083,0.0858,-0.1367,0.0162
250,Wassa Amenfi East Municipal,Western,0.1014,0.0347,0.0133,0.0565,0.2092,0.0164,-0.1859,0.1784,0.0057,0.0644,-0.1836,0.0306
251,Wassa Amenfi West Municipal,Western,0.2227,-0.0398,0.041,0.1087,0.1842,-0.0009,-0.1056,0.1846,-0.0308,-0.1512,0.1661,0.0513
252,Wassa East,Western,0.0224,0.221,-0.0196,0.0688,0.2472,-0.0116,-0.1563,0.2657,-0.0249,-0.1419,0.2499,0.1763
253,Aowin Municipal,Western North,0.2102,-0.0473,0.0451,0.1058,0.1775,0.0025,-0.098,0.1774,-0.0342,-0.329,0.1649,0.0541
254,Bia East,Western North,0.2131,-0.1146,0.0446,-0.1181,0.1841,0.0257,-0.2186,0.0916,0.0005,-0.1427,0.0054,0.1666
255,Bia West,Western North,0.2066,-0.1253,0.0472,-0.0868,0.1963,0.0182,-0.2039,0.1002,-0.0106,-0.1129,0.0221,0.1131
256,Bibiani Anhwiaso Bekwai Municipal,Western North,0.0319,-0.0896,0.1332,0.1838,0.2074,-0.0567,-0.1689,0.2286,-0.0002,0.1896,0.0486,-0.0086
257,Bodi,Western North,0.1799,-0.1264,0.0591,0.0274,0.183,0.0189,-0.1767,0.1164,-0.0113,-0.0712,0.0463,0.0687
258,Juaboso,Western North,0.1794,-0.1321,0.0592,0.0123,0.1851,0.0214,-0.1827,0.1121,-0.0066,-0.0432,0.0297,0.085
259,Sefwi Akontombra,Western North,0.1842,-0.1102,0.0627,0.0576,0.1767,0.0109,-0.1558,0.1302,-0.0176,-0.18,0.0925,0.0419
260,Sefwi Wiawso Municipal,Western North,0.1327,-0.1475,0.0867,0.0845,0.1948,0.0032,-0.1402,0.1416,0.0133,0.0538,0.046,0.0654
261,Suaman,Western North,0.1773,-0.1156,0.057,0.0436,0.1783,0.0163,-0.178,0.12,-0.0181,-0.1842,0.073,0.0508
