district_id,district,region,lat,lon,urban_class,urbanicity,total_pop,log_pop,poverty_incidence,poverty_intensity,illiteracy_rate,nhis_uninsured_rate,employment_rate,under15_share,improved_water_pct,improved_sanitation_pct,women_literate_pct,stunting_region_pct,anaemia_region_pct,iycf_region_pct,diarrhoea_region_pct,stunting_district_pct,stunting_district_lo95,stunting_district_hi95,stunting_exceedance_prob,stunting_lisa_cluster,stunting_gistar_class,anaemia_district_pct,anaemia_district_lo95,anaemia_district_hi95,anaemia_exceedance_prob,anaemia_lisa_cluster,anaemia_gistar_class,iycf_district_pct,iycf_district_lo95,iycf_district_hi95,iycf_exceedance_prob,iycf_lisa_cluster,iycf_gistar_class,diarrhoea_district_pct,diarrhoea_district_lo95,diarrhoea_district_hi95,diarrhoea_exceedance_prob,diarrhoea_lisa_cluster,diarrhoea_gistar_class
1,Asunafo North Municipal,Ahafo,6.81509969999999,-2.67736640122449,Municipal,2,151258,11.926742267056309,26.1,42.0,26.321913551679916,14.236602361527986,53.1759687606252,35.83347657644554,83.3,54.2,48.3,17.0,35.4,79.2,12.3,16.88,9.78,25.96,0.466,ns,ns,34.62,24.61,46.02,0.01,LL,coldspot,79.36,69.5,87.61,0.764,ns,ns,11.41,5.98,19.67,0.162,ns,ns
2,Asunafo South,Ahafo,6.56280465,-2.53279356335542,District,1,91693,11.426201319452964,26.2,42.7,28.8931543302106,47.49544676256639,56.48513139695712,36.91993936287394,83.3,54.2,48.3,17.0,35.4,79.2,12.3,17.78,10.33,27.7,0.546,ns,ns,38.49,26.96,51.74,0.071,ns,ns,79.26,66.53,88.87,0.732,ns,ns,15.32,7.4,26.44,0.5,ns,ns
3,Asutifi North,Ahafo,7.07651835,-2.52531850396715,District,1,73556,11.205802299860744,26.6,43.1,25.55060090271358,17.297025395616945,51.40601978530836,35.40975583229104,83.3,54.2,48.3,17.0,35.4,79.2,12.3,16.6,9.46,26.12,0.444,ns,ns,34.69,23.86,46.35,0.012,LL,coldspot,78.58,66.74,87.57,0.702,ns,ns,11.35,5.67,19.93,0.174,ns,ns
4,Asutifi South,Ahafo,6.84924284999999,-2.46125343688365,District,1,67334,11.117420588656316,23.2,42.4,29.25862120177028,21.67255769744854,50.879343674855015,37.00359402382155,83.3,54.2,48.3,17.0,35.4,79.2,12.3,17.93,10.53,27.62,0.55,ns,ns,35.79,24.62,47.44,0.022,LL,coldspot,79.55,68.08,88.35,0.77,ns,ns,13.77,6.66,23.65,0.376,ns,ns
5,Tano North Municipal,Ahafo,7.19329065,-2.2080833699397,Municipal,2,93838,11.44932517022726,21.6,42.3,23.449988277670027,14.104094290159637,51.50472633148212,34.950659647477565,83.3,54.2,48.3,17.0,35.4,79.2,12.3,17.19,10.13,26.99,0.5,ns,ns,33.78,23.7,45.02,0.007,LL,coldspot,77.64,66.06,86.74,0.644,ns,ns,11.13,5.68,20.0,0.148,ns,ns
6,Tano South Municipal,Ahafo,7.16093674999999,-1.99681708617696,Municipal,2,86989,11.373536952861308,23.7,42.6,27.90582717355068,20.452011173826577,52.58395590048597,36.60347860074262,83.3,54.2,48.3,17.0,35.4,79.2,12.3,18.84,11.59,28.36,0.671,ns,ns,36.43,26.45,47.09,0.02,ns,ns,78.32,67.93,86.79,0.696,ns,ns,13.63,7.47,22.71,0.352,ns,ns
7,Adansi Asokwa,Ashanti,6.2467263,-1.50841,District,1,71844,11.182252380713352,32.4,43.3,28.261232670786704,50.14893380101331,51.88596104697277,36.82423027671065,96.8,84.7,61.5,17.0,40.6,75.4,19.2,18.35,13.38,23.88,0.723,ns,ns,45.47,37.36,54.05,0.284,ns,ns,77.14,66.31,86.31,0.607,ns,ns,24.06,16.21,33.18,0.993,ns,hotspot
8,Adansi North,Ashanti,6.3006124,-1.5897139446089,District,1,54155,10.899605584269835,19.7,42.8,18.15714153817745,27.633644169513435,48.48240142570729,33.68664019942757,96.8,84.7,61.5,17.0,40.6,75.4,19.2,16.21,12.17,20.81,0.388,ns,ns,40.93,33.88,48.38,0.034,ns,ns,76.01,66.95,84.4,0.502,ns,ns,20.01,13.92,26.98,0.948,ns,hotspot
9,Adansi South,Ashanti,6.00427495,-1.39314032189093,District,1,85200,11.352756712817406,35.0,43.2,27.070422535211268,46.093896713615024,54.97467673413354,36.73356807511737,96.8,84.7,61.5,17.0,40.6,75.4,19.2,18.34,13.03,24.54,0.698,ns,ns,45.93,36.7,55.4,0.336,ns,ns,77.94,65.83,87.92,0.641,ns,ns,24.86,15.93,35.62,0.988,ns,hotspot
10,Afigya Kwabre North,Ashanti,7.03891495,-1.62667127242319,District,1,73330,11.202725081087843,25.2,43.7,23.97927178508114,30.1200054547934,48.214809963641294,39.614073366971226,96.8,84.7,61.5,17.0,40.6,75.4,19.2,19.92,14.94,25.53,0.878,ns,ns,44.89,36.73,53.18,0.237,ns,ns,77.46,67.0,86.16,0.63,ns,ns,24.59,16.49,33.77,0.994,ns,hotspot
11,Afigya Kwabre South,Ashanti,6.83998064999999,-1.60957900170106,District,1,234667,12.365922766925609,13.0,43.3,13.424980930424814,24.97112930237315,50.70324486168278,36.950231604784655,96.8,84.7,61.5,17.0,40.6,75.4,19.2,17.58,13.22,22.63,0.62,ns,ns,40.16,33.06,47.79,0.022,ns,coldspot,74.78,64.33,83.78,0.417,ns,ns,20.95,14.19,28.45,0.965,ns,hotspot
12,Ahafo Ano North Municipal,Ashanti,6.90966445,-2.23301229669742,Municipal,2,92742,11.437576723380374,26.5,41.2,24.91643484074098,30.63768303465528,56.881374401934245,36.67270492333571,96.8,84.7,61.5,17.0,40.6,75.4,19.2,17.71,13.92,22.08,0.654,ns,ns,38.66,32.09,45.76,0.007,ns,coldspot,79.57,72.82,85.48,0.866,ns,ns,17.71,12.27,24.3,0.834,ns,ns
13,Ahafo Ano South East,Ashanti,6.94633355,-1.90095355028736,District,1,63468,11.05829112085398,31.8,42.5,32.23514211886305,32.33755593369887,53.70530000261213,39.68141425600302,96.8,84.7,61.5,17.0,40.6,75.4,19.2,19.5,14.37,25.29,0.844,ns,ns,44.88,36.65,53.64,0.25,ns,ns,80.53,70.53,88.91,0.839,ns,ns,24.71,16.22,34.46,0.992,ns,hotspot
14,Ahafo Ano South West,Ashanti,6.8289788,-2.00038660056909,District,1,65770,11.093919086295395,31.9,41.8,31.427702599969592,37.518625513151896,55.605555690691055,37.49277786224722,96.8,84.7,61.5,17.0,40.6,75.4,19.2,18.35,13.71,23.61,0.737,ns,ns,43.72,35.87,52.23,0.164,ns,ns,80.88,71.26,88.64,0.856,ns,ns,24.0,16.07,32.87,0.991,ns,hotspot
15,Akrofuom,Ashanti,6.03262245,-1.67136425707588,District,1,49291,10.805496787584511,37.0,44.2,30.03388042441825,42.83946359375951,50.68867924528302,35.48517985027693,96.8,84.7,61.5,17.0,40.6,75.4,19.2,17.74,12.94,22.91,0.64,ns,ns,46.59,38.21,55.37,0.378,ns,ns,75.89,64.23,85.46,0.507,ns,ns,21.41,14.34,29.81,0.97,ns,hotspot
16,Amansie Central,Ashanti,6.20744165,-1.82814118592735,District,1,93052,11.440913755659937,28.6,43.3,29.44160254481365,33.994970554098785,55.37051083336082,34.8256888621416,96.8,84.7,61.5,17.0,40.6,75.4,19.2,17.03,12.31,22.19,0.536,ns,ns,44.82,36.0,54.0,0.247,ns,ns,76.73,64.66,86.58,0.566,ns,ns,20.97,13.43,30.02,0.936,ns,hotspot
17,Amansie South,Ashanti,6.30802585,-2.01186652006877,District,1,113155,11.636513839214846,30.3,44.4,30.172771861605764,48.13839423799214,54.39064178570008,33.36662100658389,96.8,84.7,61.5,17.0,40.6,75.4,19.2,16.65,11.67,22.32,0.472,ns,ns,46.88,37.17,57.3,0.42,ns,ns,75.37,60.61,86.74,0.494,ns,ns,20.37,12.19,30.12,0.894,ns,ns
18,Amansie West,Ashanti,6.43975084999999,-1.85237045719587,District,1,112627,11.631836752799584,31.0,44.7,26.997078853205718,43.01810400703207,47.78673158174544,36.53564420609623,96.8,84.7,61.5,17.0,40.6,75.4,19.2,18.55,13.29,24.35,0.721,ns,ns,47.22,38.13,56.75,0.442,ns,ns,75.39,62.0,86.13,0.487,ns,ns,22.85,14.47,33.06,0.968,ns,hotspot
19,Asante Akim Central Municipal,Ashanti,6.56465915,-1.25347851347396,Municipal,2,91673,11.425983176503022,16.9,42.6,17.219901170464585,19.683003719743,48.865993064888094,34.25217894036412,96.8,84.7,61.5,17.0,40.6,75.4,19.2,17.15,13.64,21.27,0.576,ns,ns,39.81,34.03,45.85,0.006,ns,ns,75.77,70.12,81.13,0.476,ns,ns,18.84,13.64,24.9,0.935,HH,hotspot
20,Asante Akim North Municipal,Ashanti,6.906722,-0.958978,Municipal,2,85202,11.352780186720295,26.0,42.1,23.84685805497524,33.99920189666909,52.868779883123786,33.72221309358935,96.8,84.7,61.5,17.0,40.6,75.4,19.2,17.45,13.96,21.74,0.618,ns,ns,41.83,35.65,48.44,0.038,ns,ns,77.72,71.43,83.4,0.708,ns,ns,20.48,14.99,26.88,0.981,HH,hotspot
21,Asante Akim South Municipal,Ashanti,6.46141735,-1.11533920112058,Municipal,2,123633,11.725072778661424,24.6,42.2,25.618564622714,32.611843116320074,56.16243785912583,37.35895755987479,96.8,84.7,61.5,17.0,40.6,75.4,19.2,18.59,14.51,23.24,0.8,ns,ns,42.29,35.76,49.06,0.056,ns,ns,78.09,71.22,84.03,0.746,ns,ns,21.92,15.79,28.85,0.992,ns,hotspot
22,Asokore Mampong Municipal,Ashanti,6.7077852,-1.5665013,Municipal,2,191402,12.16213120726719,11.3,42.7,19.35089497497414,20.275127741611897,51.48465570608639,32.820973657537536,96.8,84.7,61.5,17.0,40.6,75.4,19.2,15.34,11.48,19.97,0.246,ns,ns,37.35,29.98,44.84,0.004,LL,coldspot,72.75,63.12,81.57,0.256,ns,coldspot,14.98,9.26,21.84,0.5,ns,ns
23,Asokwa Municipal,Ashanti,6.6739843,-1.6026178,Municipal,2,125642,11.74119187202318,6.3,41.4,10.732080036930324,14.247624202098024,55.92959295929593,31.269002403654827,96.8,84.7,61.5,17.0,40.6,75.4,19.2,13.91,10.02,18.45,0.106,ns,ns,33.78,26.38,41.4,0.0,LL,coldspot,73.08,62.74,82.57,0.302,ns,ns,13.99,8.33,21.41,0.386,ns,ns
24,Atwima Kwanwoma,Ashanti,6.65,-1.73333,District,1,234846,12.366685259161914,13.8,43.3,13.568040332813844,26.15288316598963,50.00733842130544,36.17264079439292,96.8,84.7,61.5,17.0,40.6,75.4,19.2,15.62,12.31,19.55,0.26,ns,ns,37.28,31.55,43.31,0.0,ns,ns,73.39,66.63,79.54,0.222,ns,ns,17.24,12.43,23.13,0.816,ns,ns
25,Atwima Mponua,Ashanti,6.5558963,-2.17659077213842,District,1,155254,11.952817764359146,25.1,42.4,29.223723704381207,24.13271155654605,56.49586537366879,37.76456645239414,96.8,84.7,61.5,17.0,40.6,75.4,19.2,17.34,12.81,22.48,0.582,ns,ns,43.47,35.37,52.17,0.149,ns,ns,79.47,68.9,88.12,0.76,ns,ns,21.28,13.92,29.8,0.958,ns,ns
26,Atwima Nwabiagya North,Ashanti,6.87764335,-1.74489585317473,District,1,155025,11.951341673218078,13.5,43.1,15.73681664247702,21.41332043218836,49.07483199434086,36.16835994194485,96.8,84.7,61.5,17.0,40.6,75.4,19.2,17.86,13.41,23.37,0.658,ns,ns,41.35,33.57,49.93,0.064,ns,ns,76.96,66.25,86.28,0.587,ns,ns,22.05,14.59,30.6,0.972,ns,hotspot
27,Atwima Nwabiagya South Municipal,Ashanti,7.0689359,-2.0226618,Municipal,2,161893,11.994690902165216,12.5,43.0,13.833828516365749,23.43584960436832,51.59721034528628,34.990394890452336,96.8,84.7,61.5,17.0,40.6,75.4,19.2,17.26,13.45,22.04,0.583,ns,ns,37.75,31.57,44.24,0.002,LL,coldspot,75.61,69.29,81.51,0.456,ns,ns,15.57,10.75,21.41,0.61,ns,ns
28,Bekwai Municipal,Ashanti,6.43631235,-1.59282285301503,Municipal,2,137967,11.834769805108316,19.4,43.6,17.872389774366333,27.697927765335187,48.97144065062359,34.85181238991933,96.8,84.7,61.5,17.0,40.6,75.4,19.2,17.72,14.29,21.75,0.683,ns,ns,42.73,36.8,48.32,0.035,ns,ns,74.55,69.15,79.48,0.292,ns,ns,19.73,14.92,25.44,0.979,HH,hotspot
29,Bosome Freho,Ashanti,6.3681227,-1.36632312680072,District,1,62259,11.03905838218977,31.3,41.0,28.545270563292053,49.05154274883952,59.49929808142255,38.21616151881656,96.8,84.7,61.5,17.0,40.6,75.4,19.2,18.36,13.36,23.97,0.717,ns,ns,43.58,35.77,51.89,0.166,ns,ns,80.32,70.22,88.62,0.814,ns,ns,26.58,17.64,36.81,0.998,HH,hotspot
30,Bosomtwi,Ashanti,6.1777503,-0.1969922,District,1,165180,12.014791067364708,16.1,43.8,13.871534084029545,28.312749727569923,49.9090478446234,36.10001210800339,96.8,84.7,61.5,17.0,40.6,75.4,19.2,17.58,13.41,22.21,0.626,ns,ns,41.47,34.63,48.31,0.036,ns,ns,75.49,66.13,83.75,0.469,ns,ns,21.71,15.14,29.18,0.984,ns,hotspot
31,Ejisu Municipal,Ashanti,6.7139918,-1.4665782,Municipal,2,180723,12.104720751269706,13.5,43.6,14.908451054929367,21.68788698726781,49.43983262468786,34.41011935392839,96.8,84.7,61.5,17.0,40.6,75.4,19.2,16.68,12.99,21.01,0.468,ns,ns,38.85,32.77,45.64,0.004,ns,coldspot,72.26,64.8,79.15,0.147,ns,ns,16.73,11.52,22.73,0.742,ns,ns
32,Ejura Sekyedumase Municipal,Ashanti,7.38567515,-1.39945747215309,Municipal,2,137672,11.832629323444747,25.0,42.2,35.88166075890523,33.57618106804579,53.15494966341564,39.89845429717008,96.8,84.7,61.5,17.0,40.6,75.4,19.2,20.46,15.77,25.58,0.936,ns,ns,46.86,39.82,54.59,0.385,ns,ns,81.72,73.59,88.02,0.917,HH,hotspot,23.78,16.71,32.12,0.996,HH,hotspot
33,Juaben Municipal,Ashanti,6.0721368,-0.260652306105858,Municipal,2,63929,11.065528371529878,20.9,43.1,21.971249354752928,30.42281280795883,52.885261402941246,37.13807505201083,96.8,84.7,61.5,17.0,40.6,75.4,19.2,18.69,14.84,23.23,0.83,ns,ns,42.37,36.18,48.89,0.05,ns,ns,76.46,69.56,82.02,0.57,ns,ns,21.14,15.25,28.15,0.986,ns,hotspot
34,"Kumasi Metropolitan Area (KMA)-Bantama, Manhyia North, Manhyia South, Nhyiaeso, & Subin",Ashanti,6.698152,-1.621229,Metropolitan,3,443945,13.003455959867486,8.9,42.3,10.821385531991575,22.551667436281523,51.74692750258728,28.391805291195983,96.8,84.7,61.5,17.0,40.6,75.4,19.2,14.1,8.6,21.73,0.205,ns,ns,34.42,22.81,46.88,0.014,LL,coldspot,68.97,48.6,86.23,0.252,ns,coldspot,12.51,5.32,23.01,0.276,ns,ns
35,Kwabre East,Ashanti,6.7897864,-1.53792852576917,Municipal,2,296814,12.600860958974222,10.6,43.3,12.887195347928332,24.40585686658985,52.75067228089454,36.22908622908623,96.8,84.7,61.5,17.0,40.6,75.4,19.2,17.34,13.31,22.02,0.592,ns,ns,38.79,32.11,45.63,0.004,ns,coldspot,72.72,64.71,79.91,0.198,ns,ns,17.93,12.57,24.85,0.852,ns,ns
36,Kwadaso Municipal,Ashanti,6.68059249999999,-1.67467000057054,Municipal,2,154526,11.948117645951283,9.5,42.4,8.426413677957107,21.67272821402224,48.85546588407924,29.435823097731127,96.8,84.7,61.5,17.0,40.6,75.4,19.2,13.54,9.22,18.72,0.098,ns,ns,33.63,25.15,42.89,0.001,LL,coldspot,70.68,56.22,82.98,0.234,ns,ns,13.02,7.02,21.39,0.302,ns,ns
37,Mampong Municipal,Ashanti,7.056139,-1.40425,Municipal,2,116632,11.666778957784658,22.5,42.6,20.66928458742026,29.79371013101036,46.44249449130996,34.24017422319775,96.8,84.7,61.5,17.0,40.6,75.4,19.2,18.04,14.29,22.8,0.728,ns,ns,42.67,36.17,49.18,0.064,ns,ns,77.31,70.33,83.32,0.659,ns,ns,20.81,14.94,27.41,0.98,ns,hotspot
38,Obuasi East,Ashanti,6.1796409,-1.60356394182495,Municipal,2,92401,11.433893080082036,13.1,42.7,15.482516422982435,17.398080107358144,48.7128875729912,34.20525751885802,96.8,84.7,61.5,17.0,40.6,75.4,19.2,16.67,13.45,20.51,0.469,ns,ns,39.94,34.32,45.81,0.003,ns,ns,74.59,69.45,79.5,0.274,ns,ns,17.82,13.3,23.28,0.898,ns,ns
39,Obuasi Municipal,Ashanti,6.211542,-1.6894045,Municipal,2,104297,11.55499787739207,11.1,42.8,12.315790482947737,19.659242355964217,50.909501113962605,32.003796849382056,96.8,84.7,61.5,17.0,40.6,75.4,19.2,15.82,12.55,19.58,0.281,ns,ns,39.13,33.69,44.71,0.001,ns,ns,73.7,68.35,78.63,0.198,ns,ns,16.86,12.47,21.79,0.816,ns,hotspot
40,Offinso Municipal,Ashanti,7.05794129999999,-1.73462655987467,Municipal,2,137272,11.829719637965455,23.5,42.8,24.846290576373917,30.811818870563556,48.888475490652034,37.34483361501253,96.8,84.7,61.5,17.0,40.6,75.4,19.2,19.44,15.56,23.81,0.898,ns,ns,43.87,37.65,50.15,0.112,ns,ns,77.99,71.41,83.36,0.742,ns,ns,22.25,16.5,29.08,0.996,HH,hotspot
41,Offinso North,Ashanti,7.27974815,-1.79832745610104,District,1,83440,11.331883089674657,34.3,41.5,37.38974113135187,33.47315436241611,56.20717732806387,39.65364333652924,96.8,84.7,61.5,17.0,40.6,75.4,19.2,18.69,14.22,23.84,0.794,ns,ns,44.72,36.96,52.82,0.204,ns,ns,82.96,74.8,89.77,0.956,ns,hotspot,22.87,15.81,31.37,0.992,ns,ns
42,Oforikrom Municipal,Ashanti,6.672717,-1.5504236985326,Municipal,2,213126,12.26963881909102,10.0,42.8,10.1015361804754,23.01314715238873,40.19256619462941,24.952844796036143,96.8,84.7,61.5,17.0,40.6,75.4,19.2,12.64,8.01,18.57,0.08,ns,ns,34.15,23.78,45.35,0.01,LL,coldspot,69.19,49.91,84.56,0.24,ns,ns,11.83,5.5,21.25,0.218,ns,ns
43,Old Tafo Municipal,Ashanti,6.74083555,-1.60465968075918,Municipal,2,114368,11.6471765985191,9.2,42.9,11.7270565193061,24.64762870733072,54.68754029866144,32.19606883044208,96.8,84.7,61.5,17.0,40.6,75.4,19.2,15.36,11.6,20.07,0.253,ns,ns,36.72,29.95,43.8,0.0,LL,coldspot,71.79,62.36,80.12,0.174,ns,ns,15.3,9.77,22.46,0.54,ns,ns
44,Sekyere Afram Plains,Ashanti,7.20286155,-0.592081996515861,District,1,33226,10.411087980946425,50.5,40.8,51.70348522241618,63.40215493890327,57.62352067080614,43.28838861132848,96.8,84.7,61.5,17.0,40.6,75.4,19.2,22.5,14.87,31.66,0.912,ns,ns,53.55,40.93,65.8,0.824,ns,ns,86.55,74.05,94.55,0.956,HH,hotspot,34.09,19.2,50.48,0.998,HH,hotspot
45,Sekyere Central,Ashanti,7.21625465,-1.09955606489201,District,1,73228,11.201333140470906,39.8,42.4,33.018790626536294,52.34200032774349,52.28326048279043,37.82842628502758,96.8,84.7,61.5,17.0,40.6,75.4,19.2,19.9,14.29,26.11,0.852,ns,ns,48.53,39.14,58.23,0.554,ns,ns,81.99,71.38,90.22,0.878,ns,hotspot,27.72,17.95,38.77,0.996,HH,hotspot
46,Sekyere East,Ashanti,6.77947295,-1.29935419961981,District,1,74789,11.22242609432483,17.3,42.5,17.21376138202142,23.58501918731364,49.25828970331588,35.64294214389817,96.8,84.7,61.5,17.0,40.6,75.4,19.2,17.01,12.96,21.85,0.529,ns,ns,40.36,32.83,47.89,0.026,ns,ns,77.16,68.05,85.5,0.612,ns,ns,21.4,14.87,29.0,0.978,ns,hotspot
47,Sekyere Kumawu,Ashanti,6.9098849,-1.23942940155571,District,1,64396,11.072806798362183,23.9,42.9,20.327349524815205,35.775514007081185,49.55032647529875,36.9758991241692,96.8,84.7,61.5,17.0,40.6,75.4,19.2,18.5,13.84,23.89,0.744,ns,ns,43.92,35.76,51.82,0.17,ns,ns,78.49,68.06,87.25,0.708,ns,ns,24.63,16.37,33.4,0.996,HH,hotspot
48,Sekyere South,Ashanti,6.99532965,-1.50292100938884,District,1,120076,11.6958801546266,22.6,42.8,17.737099836770046,26.93127685798994,47.18409600082404,35.31929777807389,96.8,84.7,61.5,17.0,40.6,75.4,19.2,17.34,13.16,22.26,0.586,ns,ns,41.23,33.91,48.79,0.042,ns,ns,76.52,66.78,84.99,0.554,ns,ns,21.32,14.68,28.75,0.975,HH,hotspot
49,Suame Municipal,Ashanti,6.738487,-1.62476687694823,Municipal,2,136290,11.82254024742156,8.7,42.7,10.34411915767848,23.688458434221147,56.51286061870003,32.449922958397536,96.8,84.7,61.5,17.0,40.6,75.4,19.2,15.3,11.48,20.05,0.245,ns,ns,36.22,28.61,43.83,0.002,LL,coldspot,71.95,62.68,80.47,0.194,ns,ns,15.32,9.91,22.34,0.55,ns,ns
50,Banda,Bono,8.1645269,-2.3569966,District,1,28179,10.246332298662626,35.7,43.7,41.633840803435184,23.59203662301714,43.5878678746272,36.9353064338692,92.2,71.3,61.5,14.0,40.1,81.2,10.3,16.57,10.14,24.97,0.445,ns,ns,49.7,38.4,61.13,0.622,ns,ns,83.66,72.94,91.5,0.926,HH,hotspot,13.59,6.75,22.81,0.356,ns,ns
51,Berekum East Municipal,Bono,7.4848835,-2.56459096524003,Municipal,2,106252,11.573568910138915,12.6,41.7,14.74136957421978,11.526371268305535,48.64898570003326,32.078454993788355,92.2,71.3,61.5,14.0,40.1,81.2,10.3,13.11,7.39,21.3,0.152,ns,ns,36.46,26.54,47.44,0.02,ns,coldspot,78.56,67.58,87.11,0.706,ns,ns,8.83,4.14,15.67,0.044,ns,coldspot
52,Berekum West,Bono,7.47199419999999,-2.71078914019081,District,1,49464,10.809000411238404,14.8,41.6,22.903525796538897,12.485848293708557,49.35413931047119,33.7962962962963,92.2,71.3,61.5,14.0,40.1,81.2,10.3,13.18,7.56,21.36,0.156,ns,ns,37.97,27.6,48.53,0.034,ns,coldspot,80.95,70.01,89.5,0.831,ns,ns,10.29,4.81,18.21,0.112,ns,ns
53,Dormaa Central Municipal,Bono,7.23948645,-2.85657511014467,Municipal,2,112702,11.632502446099332,15.8,41.7,22.177068729924933,17.33598338982449,52.87408697982979,33.794431332185766,92.2,71.3,61.5,14.0,40.1,81.2,10.3,14.02,8.61,21.27,0.207,ns,ns,37.87,28.74,47.88,0.026,LL,coldspot,80.08,70.97,86.99,0.838,ns,ns,9.99,5.24,16.94,0.072,ns,ns
54,Dormaa East,Bono,7.26432845,-2.64146295349265,District,1,67899,11.125776585897835,19.5,41.7,24.6822486340005,13.63937613219635,50.34462760143651,33.97399078042387,92.2,71.3,61.5,14.0,40.1,81.2,10.3,13.36,7.81,20.9,0.16,ns,ns,38.25,28.41,48.67,0.037,LL,coldspot,80.84,70.4,89.05,0.84,ns,ns,10.42,5.14,18.22,0.11,ns,coldspot
55,Dormaa West,Bono,6.97538415,-2.9463116043167,District,1,47913,10.77714214532442,23.2,40.8,30.102477406966795,20.33894767599608,58.7653829568448,37.0797069688811,92.2,71.3,61.5,14.0,40.1,81.2,10.3,14.39,8.91,22.26,0.23,ns,ns,40.17,30.62,50.06,0.07,ns,ns,83.28,73.6,90.8,0.93,ns,ns,13.38,6.94,22.63,0.328,ns,ns
56,Jaman North,Bono,7.9132614,-2.69723280400663,District,1,116529,11.665895448049325,14.5,42.4,26.40801860481082,7.06347776090072,48.17472490830277,35.65979284126698,92.2,71.3,61.5,14.0,40.1,81.2,10.3,14.38,8.22,23.46,0.244,ns,ns,41.19,30.95,51.82,0.117,ns,ns,81.2,70.37,89.69,0.84,ns,ns,10.88,5.28,19.49,0.124,ns,ns
57,Jaman South,Bono,7.62036559999999,-2.7963718064665,Municipal,2,109768,11.60612432660101,15.6,42.1,26.345565192041395,8.824065301362875,50.56332062685303,35.472997594927484,92.2,71.3,61.5,14.0,40.1,81.2,10.3,14.37,8.21,23.22,0.252,ns,ns,39.16,28.8,49.91,0.054,ns,ns,80.09,69.32,87.85,0.81,ns,ns,9.73,4.68,16.77,0.072,ns,ns
58,Sunyani Municipal,Bono,7.3384389,-2.3309226,Municipal,2,193595,12.173523627044824,10.9,41.5,14.46628270358222,11.18055734910509,48.74267532213538,31.330354606265654,92.2,71.3,61.5,14.0,40.1,81.2,10.3,13.33,8.26,20.36,0.133,ns,ns,36.94,28.18,46.39,0.014,ns,ns,79.53,70.06,87.22,0.795,ns,hotspot,9.47,4.98,15.85,0.052,ns,ns
59,Sunyani West Municipal,Bono,7.35779433737633,-2.34687996021684,Municipal,2,136022,11.820571916341573,17.6,43.1,20.8275131963947,15.605563805854937,44.22230155896703,32.0455514549117,92.2,71.3,61.5,14.0,40.1,81.2,10.3,14.21,8.92,21.54,0.211,ns,ns,40.16,30.9,50.35,0.06,ns,ns,78.53,68.49,86.43,0.728,ns,hotspot,9.57,5.01,16.13,0.052,ns,ns
60,Tain,Bono,7.9614185,-2.1422727,District,1,115568,11.657614380290628,21.5,41.9,36.54558355254049,19.055447874844248,53.33042921902013,36.43655683234113,92.2,71.3,61.5,14.0,40.1,81.2,10.3,15.12,9.49,22.62,0.293,ns,ns,45.05,35.46,55.55,0.276,ns,ns,84.47,76.06,91.11,0.975,HH,hotspot,12.73,6.69,21.14,0.266,ns,ns
61,Wenchi Municipal,Bono,7.80281055,-2.08141333112632,Municipal,2,124758,11.73413113981415,23.6,42.2,33.76456820404303,20.25601564629122,49.35715200409784,37.40681960275093,92.2,71.3,61.5,14.0,40.1,81.2,10.3,16.28,10.47,23.83,0.423,ns,ns,45.12,35.88,54.72,0.28,ns,ns,83.02,74.48,89.67,0.952,HH,hotspot,12.11,6.52,19.61,0.201,ns,ns
62,Atebubu Amantin Municipal,Bono East,7.72813859999999,-1.09550967027384,Municipal,2,144947,11.884123437343623,28.8,41.5,40.99084492952596,25.492766321483025,55.01666435217331,40.38372646553568,86.4,57.2,44.9,17.0,51.4,89.4,16.3,19.08,13.06,26.25,0.748,ns,ns,53.18,44.4,61.98,0.883,ns,ns,90.09,84.29,94.33,1.0,HH,hotspot,19.04,12.06,27.87,0.862,HH,hotspot
63,Kintampo North Municipal,Bono East,8.053714,-1.728919,Municipal,2,140250,11.851181823384945,28.1,43.4,40.52263814616756,21.59643493761141,46.616979154535926,38.77361853832442,86.4,57.2,44.9,17.0,51.4,89.4,16.3,17.72,11.94,24.69,0.594,ns,ns,53.38,44.5,61.87,0.884,ns,ns,88.22,81.25,93.11,0.999,HH,hotspot,14.14,8.82,21.51,0.404,ns,ns
64,Kintampo South,Bono East,7.94321545,-1.73400515142892,District,1,88384,11.389446236768965,26.0,42.3,40.51751448225923,18.54860608254888,53.53183929529767,38.86110608254888,86.4,57.2,44.9,17.0,51.4,89.4,16.3,16.5,11.13,22.99,0.451,ns,ns,52.07,43.19,61.08,0.818,ns,ns,89.73,83.45,94.41,1.0,HH,hotspot,15.49,9.52,22.89,0.556,ns,ns
65,Nkoranza North,Bono East,7.7184776,-1.64389618122841,District,1,56468,10.94142938500409,25.8,41.4,34.745342494864346,17.748105121484734,53.12720399469631,37.226393709711694,86.4,57.2,44.9,17.0,51.4,89.4,16.3,15.89,10.39,22.77,0.368,ns,ns,49.67,40.62,59.25,0.652,ns,ns,89.86,83.66,94.38,1.0,HH,hotspot,15.61,9.5,23.14,0.565,ns,ns
66,Nkoranza South Municipal,Bono East,7.45296465,-1.67701851419084,Municipal,2,114642,11.64956950826753,18.0,41.6,29.96196856300483,14.689206399050958,53.19491899041111,36.686380209696274,86.4,57.2,44.9,17.0,51.4,89.4,16.3,16.3,10.81,22.8,0.422,ns,ns,46.76,37.82,55.19,0.409,ns,ns,87.71,80.64,92.88,0.998,ns,hotspot,14.19,8.3,21.56,0.414,ns,ns
67,Pru East,Bono East,7.9636217,-0.9549861,District,1,100840,11.521290381301856,30.3,41.2,43.863546211820704,28.239785799286,54.7411498536066,40.38873462911543,86.4,57.2,44.9,17.0,51.4,89.4,16.3,19.15,13.11,26.64,0.751,ns,hotspot,57.12,48.39,65.64,0.98,ns,hotspot,91.84,86.65,95.65,1.0,HH,hotspot,21.38,13.65,30.42,0.952,HH,hotspot
68,Pru West,Bono East,8.03487795,-1.31329234137589,District,1,69820,11.153675780659029,38.3,40.8,47.33743912918934,41.2202807218562,56.02716468590832,40.10455456889144,86.4,57.2,44.9,17.0,51.4,89.4,16.3,18.1,12.01,25.98,0.622,ns,ns,55.45,45.54,64.56,0.94,ns,ns,91.81,85.79,95.81,1.0,HH,hotspot,20.16,12.59,30.06,0.906,ns,ns
69,Sene East,Bono East,7.6658435,-0.182426172494555,District,1,72081,11.1855457656599,49.5,41.5,49.89525672507318,43.63424480792442,56.42758184867414,42.921158141535216,86.4,57.2,44.9,17.0,51.4,89.4,16.3,20.83,14.2,28.48,0.881,ns,hotspot,60.29,51.27,68.94,0.996,HH,hotspot,90.38,83.73,95.18,1.0,HH,hotspot,23.48,14.9,34.22,0.976,HH,hotspot
70,Sene West,Bono East,7.74897775,-0.618112944814146,District,1,70104,11.157735132735686,26.8,41.0,47.627810110692685,20.325516375670432,61.33210428041315,39.64823690516946,86.4,57.2,44.9,17.0,51.4,89.4,16.3,18.78,12.43,26.44,0.71,ns,hotspot,56.58,46.55,66.25,0.957,HH,hotspot,91.77,85.4,95.97,1.0,HH,hotspot,21.12,12.69,31.4,0.924,HH,hotspot
71,Techiman Municipal,Bono East,7.5279454,-1.97466940505838,Municipal,2,243335,12.402194373748076,9.8,41.4,23.614358805761604,11.530605954753735,56.722189362284,35.3841412045123,86.4,57.2,44.9,17.0,51.4,89.4,16.3,14.75,9.7,20.66,0.238,ns,ns,43.97,34.84,52.8,0.206,ns,ns,86.99,79.34,92.72,0.996,HH,hotspot,11.75,6.77,18.46,0.16,ns,ns
72,Techiman North,Bono East,7.70365499999999,-1.98577027897075,District,1,102529,11.53790096437362,15.0,41.8,26.8753230793239,14.989905295087244,51.93748014101769,35.53921329575047,86.4,57.2,44.9,17.0,51.4,89.4,16.3,14.72,9.58,21.01,0.232,ns,ns,47.34,37.73,56.53,0.447,ns,ns,88.59,81.54,93.91,0.999,HH,hotspot,13.24,7.64,20.39,0.293,ns,ns
73,Abura Asebu Kwamankese,Central,5.2698722,-1.18890498156872,District,1,124465,11.731779830866008,28.0,44.1,26.917607359498653,35.53529104567549,49.43146084375236,36.12501506447596,91.8,72.0,72.9,17.0,44.7,72.8,17.2,17.42,13.01,22.73,0.597,ns,ns,45.77,38.47,53.12,0.29,ns,ns,73.81,66.28,80.86,0.268,ns,ns,17.64,12.33,23.82,0.841,ns,ns
74,Agona East,Central,5.63553575,-0.654757357749996,District,1,98637,11.49920172375042,25.9,43.6,22.748056003325324,53.91587335381247,50.582736151310186,34.49821061062279,91.8,72.0,72.9,17.0,44.7,72.8,17.2,16.94,12.45,22.35,0.503,ns,ns,45.67,38.04,53.84,0.296,ns,ns,72.87,62.95,81.74,0.26,ns,ns,19.32,13.04,27.12,0.906,ns,ns
75,Agona West Municipal,Central,4.8901537,-1.9664135,Municipal,2,136569,11.824585260393338,21.0,43.7,19.48978172205991,36.45410012521143,51.89589929724304,33.62842226273898,91.8,72.0,72.9,17.0,44.7,72.8,17.2,16.11,12.17,20.72,0.365,ns,ns,43.33,36.15,51.09,0.111,ns,ns,71.45,62.63,79.73,0.154,ns,ns,12.93,8.46,18.38,0.238,ns,ns
76,Ajumako Enyan Essiam,Central,5.41243515,-0.984801059019988,District,1,120586,11.700118470301204,29.6,43.5,24.17942381370972,40.739389315509264,49.92018687950166,36.09954721111904,91.8,72.0,72.9,17.0,44.7,72.8,17.2,17.69,13.18,22.86,0.636,ns,ns,46.05,38.68,53.49,0.312,ns,ns,74.7,66.3,82.44,0.38,ns,ns,19.33,13.33,26.06,0.93,ns,hotspot
77,Asikuma Odoben Brakwa,Central,5.62649825,-1.02551876426311,District,1,126993,11.751887245811432,29.0,42.3,25.36281527328278,36.64138968289591,54.36739081522962,37.00282692746844,91.8,72.0,72.9,17.0,44.7,72.8,17.2,17.36,12.66,22.72,0.581,ns,ns,43.96,36.27,52.18,0.164,ns,ns,77.09,67.96,84.73,0.622,ns,ns,20.07,13.56,27.76,0.94,ns,hotspot
78,Assin Central Municipal,Central,5.73294244999999,-1.31730368183195,Municipal,2,88753,11.393612509583262,18.1,42.8,14.640631865965094,34.52503013982626,54.49962364556164,35.63372505718117,91.8,72.0,72.9,17.0,44.7,72.8,17.2,17.26,12.89,22.26,0.57,ns,ns,41.79,34.43,49.14,0.054,ns,ns,74.16,65.88,81.36,0.336,ns,ns,17.44,11.82,24.57,0.792,ns,ns
79,Assin North,Central,5.82545685,-1.37392719579152,District,1,80539,11.296496818137651,31.9,42.0,27.50841207365376,47.19576850966613,57.9930308132023,36.5748271023976,91.8,72.0,72.9,17.0,44.7,72.8,17.2,17.28,13.1,22.2,0.568,ns,ns,44.63,37.36,52.05,0.188,ns,ns,77.69,69.95,84.74,0.67,ns,ns,20.71,14.14,28.43,0.964,ns,hotspot
80,Assin South,Central,5.52889644999999,-1.2709401638536,District,1,105995,11.571147202170351,27.4,41.7,25.666305014387472,36.29605170055192,54.43967877349881,37.97065899334874,91.8,72.0,72.9,17.0,44.7,72.8,17.2,17.53,12.97,23.1,0.592,ns,ns,43.72,35.65,51.94,0.154,ns,ns,77.97,68.67,85.31,0.69,ns,ns,20.6,13.82,28.81,0.95,ns,ns
81,Awutu Senya West,Central,5.61965885,-0.520145612112832,District,1,161460,11.992012712949007,22.5,44.5,25.30038399603617,57.32751145794624,54.784705683052486,37.84776415211198,91.8,72.0,72.9,17.0,44.7,72.8,17.2,17.79,13.23,23.13,0.651,ns,ns,46.64,38.83,54.31,0.38,ns,ns,72.36,63.09,81.32,0.209,ns,ns,20.01,13.55,27.43,0.946,ns,ns
82,Awutu Senya East Municipal,Central,5.40379055,-0.518157686947431,Municipal,2,236527,12.37381764530267,10.6,42.9,10.351460932578522,41.96645626080743,54.0087240446916,33.703974599094394,91.8,72.0,72.9,17.0,44.7,72.8,17.2,15.69,11.46,20.57,0.328,ns,ns,40.19,32.24,48.28,0.032,ns,ns,69.74,60.3,78.53,0.092,ns,coldspot,15.16,9.82,22.14,0.532,ns,ns
83,Cape Cape Metropolitan Area (CCMA)-Cape Coast South & Cape Coast North,Central,5.1115501,-1.2484127,Metropolitan,3,187365,12.14081386506812,12.9,44.3,10.94601446374723,27.516345101806635,50.95584631047095,29.22637632428682,91.8,72.0,72.9,17.0,44.7,72.8,17.2,15.67,9.51,24.08,0.343,ns,ns,40.77,28.23,53.52,0.151,ns,ns,65.66,43.81,84.44,0.164,ns,ns,11.36,4.64,21.34,0.204,ns,ns
84,Effutu Municipal,Central,5.38339225,-0.597395635326539,Municipal,2,108816,11.59741366141542,21.7,44.2,18.589178062049697,29.941368916335836,34.245041188621485,26.14872812821644,91.8,72.0,72.9,17.0,44.7,72.8,17.2,14.2,9.13,20.47,0.202,ns,ns,41.09,30.19,52.37,0.117,ns,ns,67.07,48.56,82.38,0.152,ns,ns,12.11,5.87,20.78,0.225,ns,ns
85,Ekumfi,Central,5.28914455,-0.908864632637807,District,1,56741,10.946252332458506,31.5,45.6,32.58842812075924,59.33980719409246,48.20505578308149,37.60243915334591,91.8,72.0,72.9,17.0,44.7,72.8,17.2,19.74,14.29,26.04,0.844,ns,ns,51.63,42.99,60.4,0.806,ns,ns,72.54,61.67,82.14,0.268,ns,ns,21.02,13.77,29.87,0.954,ns,ns
86,Gomoa Central,Central,5.47699369999999,-0.589745989100534,District,1,82592,11.32166810251834,18.8,44.1,21.229659046881054,45.72597830298334,54.03702996755106,36.56770631538164,91.8,72.0,72.9,17.0,44.7,72.8,17.2,17.27,12.92,22.2,0.568,ns,ns,45.2,37.82,53.01,0.244,ns,ns,72.14,63.98,79.55,0.168,ns,ns,18.51,12.98,25.37,0.896,ns,ns
87,Gomoa East,Central,5.47699369999999,-0.589745989100534,District,1,308697,12.640115492270043,14.4,43.7,13.997544517763371,44.49962260728157,51.598744494507166,36.011687836292545,91.8,72.0,72.9,17.0,44.7,72.8,17.2,16.84,12.54,21.79,0.492,ns,ns,43.43,36.09,50.99,0.119,ns,ns,71.55,62.75,79.67,0.158,ns,ns,18.22,12.65,25.02,0.868,ns,ns
88,Gomoa West,Central,5.38725545,-0.833638570821268,District,1,129512,11.77152881992134,28.3,44.4,30.44119463833467,50.4679103094694,50.95402818691863,36.83133609240843,91.8,72.0,72.9,17.0,44.7,72.8,17.2,18.44,13.63,24.05,0.725,ns,ns,48.48,40.35,56.96,0.55,ns,ns,74.02,64.87,82.17,0.342,ns,ns,20.47,13.8,28.21,0.953,ns,hotspot
89,Komenda Edina Eguafo Abirem Municipal,Central,5.1302015,-1.43995928979516,Municipal,2,166017,12.019845471733726,25.1,44.2,26.05636772137793,45.29777071022847,50.05744853176621,36.04148972695568,91.8,72.0,72.9,17.0,44.7,72.8,17.2,17.58,13.46,22.32,0.63,ns,ns,46.39,39.02,53.86,0.358,ns,ns,72.24,63.52,80.21,0.176,ns,ns,14.54,9.59,20.93,0.456,ns,ns
90,Mfantsiman Municipal,Central,5.27644145,-1.03472089878279,Municipal,2,168905,12.037091705673292,24.0,44.8,23.384150854030374,39.69272668067849,48.78033111853456,35.48799621088778,91.8,72.0,72.9,17.0,44.7,72.8,17.2,18.6,13.8,24.0,0.768,ns,ns,47.27,39.74,55.13,0.444,ns,ns,70.62,62.06,78.63,0.098,ns,ns,16.99,11.33,23.64,0.756,ns,ns
91,Twifo Ati Morkwa,Central,5.61529845,-1.57822136908747,District,1,100851,11.521399459049608,34.1,42.7,27.21638853357924,44.01443713993912,50.71260617112146,38.01053038641164,91.8,72.0,72.9,17.0,44.7,72.8,17.2,17.56,13.62,22.0,0.642,ns,ns,46.08,38.98,53.29,0.314,ns,ns,77.23,69.91,83.76,0.636,ns,ns,18.09,12.78,24.6,0.867,ns,ns
92,Twifo Heman Lower Denkyira,Central,5.49471475,-1.53636464977824,District,1,66075,11.09854573947249,32.1,42.4,25.881195611048053,55.39311388573591,54.28290672035279,36.85357548240636,91.8,72.0,72.9,17.0,44.7,72.8,17.2,17.39,13.23,22.23,0.592,ns,ns,45.48,38.38,52.46,0.258,ns,ns,76.34,68.84,82.96,0.548,ns,ns,19.21,13.15,25.97,0.929,ns,ns
93,Upper Denkyira East Municipal,Central,5.83523424999999,-1.73920835777296,Municipal,2,110141,11.609516642128806,24.3,43.8,21.20826940013256,27.902415994044,49.19539904241154,35.90579348289919,91.8,72.0,72.9,17.0,44.7,72.8,17.2,17.38,13.49,21.97,0.603,ns,ns,44.54,37.48,51.45,0.178,ns,ns,73.26,65.36,80.48,0.244,ns,ns,15.06,10.13,20.88,0.534,ns,ns
94,Upper Denkyira West,Central,6.10783305,-2.06931071266353,District,1,91025,11.418889473043636,24.5,43.6,28.16478989288657,48.34276297720407,56.35545937172421,35.02224663553969,91.8,72.0,72.9,17.0,44.7,72.8,17.2,16.39,12.61,20.68,0.414,ns,ns,46.45,39.31,54.04,0.338,ns,ns,75.29,66.62,82.74,0.437,ns,ns,17.24,11.79,23.72,0.814,ns,ns
95,Abuakwa North Municipal,Eastern,6.2336986,-0.382588987736012,Municipal,2,76195,11.24105112272396,15.7,42.9,14.474703064505546,20.35172911608373,48.31757160191837,31.860358291226454,88.7,74.7,66.7,10.0,38.3,76.0,10.2,9.38,5.99,13.87,0.001,LL,coldspot,35.1,27.2,43.49,0.002,LL,coldspot,72.65,61.94,81.97,0.268,ns,ns,8.01,4.28,13.0,0.008,ns,coldspot
96,Abuakwa South Municipal,Eastern,6.1727705,-0.470361048613095,Municipal,2,89051,11.396964518301022,21.1,43.4,19.44391416154788,21.97504800619869,48.706242995583096,31.863763461387293,88.7,74.7,66.7,10.0,38.3,76.0,10.2,9.69,6.3,13.86,0.0,LL,coldspot,36.95,29.51,44.9,0.004,LL,coldspot,72.86,63.44,81.22,0.244,ns,ns,8.24,4.64,12.99,0.005,ns,coldspot
97,Achiase,Eastern,5.8354534,-0.9966928,District,1,56348,10.939302026380195,29.9,44.6,25.70455029459785,31.7562291474409,48.12958604457982,35.90721942216228,88.7,74.7,66.7,10.0,38.3,76.0,10.2,11.28,7.32,16.5,0.02,ns,ns,42.63,33.83,52.25,0.13,ns,ns,75.23,63.63,84.69,0.468,ns,ns,11.73,6.69,18.39,0.141,ns,ns
98,Akwapim North Municipal,Eastern,5.9014961,-0.14597334325382,Municipal,2,105315,11.564711138119458,20.1,43.2,14.526895503964298,21.467027488961687,41.62750903115408,30.082134548734743,88.7,74.7,66.7,10.0,38.3,76.0,10.2,9.2,5.74,13.73,0.0,LL,coldspot,35.67,27.27,45.13,0.005,LL,coldspot,71.78,58.56,82.87,0.264,ns,ns,7.83,3.91,13.34,0.01,ns,coldspot
99,Akwapim South Municipal,Eastern,8.25846,0.508747,Municipal,2,76922,11.250547200404736,19.4,43.5,15.167312342372794,30.658329216609037,48.10223761820054,30.572528015392216,88.7,74.7,66.7,10.0,38.3,76.0,10.2,9.89,6.51,14.0,0.002,ns,coldspot,38.72,31.71,46.55,0.01,ns,ns,74.4,66.68,81.39,0.349,ns,ns,9.39,5.75,13.94,0.014,ns,ns
100,Akyemansa,Eastern,6.0815994,-1.11546439579942,District,1,91038,11.419032280753296,23.6,42.4,27.67635492871109,26.480151145675432,56.40370268029842,36.39579076869,88.7,74.7,66.7,10.0,38.3,76.0,10.2,10.49,6.91,15.03,0.004,LL,coldspot,39.09,31.56,47.55,0.021,LL,coldspot,77.97,68.95,85.71,0.694,ns,ns,11.19,6.79,17.08,0.102,ns,ns
101,Asene Manso Akroso,Eastern,5.85516295,-0.8089562448565,District,1,77498,11.258007408556834,25.7,42.5,24.11288033239568,30.1904565279104,52.68968568383373,35.83447314769413,88.7,74.7,66.7,10.0,38.3,76.0,10.2,10.66,7.05,15.18,0.006,LL,coldspot,39.89,32.35,48.11,0.028,ns,ns,77.1,67.82,84.77,0.615,ns,ns,11.65,7.15,17.66,0.136,ns,ns
102,Asuogyaman,Eastern,6.36279085,0.0952598707485648,District,1,101256,11.525407242472284,21.8,43.1,18.66556055937426,21.40218851228569,48.31516789564911,32.76645334597456,88.7,74.7,66.7,10.0,38.3,76.0,10.2,9.84,6.56,13.92,0.0,LL,coldspot,38.91,32.0,46.53,0.01,ns,ns,76.25,68.17,83.43,0.542,ns,ns,10.0,6.32,14.89,0.03,ns,ns
103,Atiwa East,Eastern,6.3954833,-0.597296233359515,District,1,64647,11.076696979411022,18.4,42.4,20.065896329296024,17.864711432858446,54.14296731900125,35.8175940105496,88.7,74.7,66.7,10.0,38.3,76.0,10.2,10.28,6.72,14.91,0.006,LL,coldspot,37.34,29.53,46.08,0.01,LL,coldspot,77.47,67.92,85.89,0.642,ns,ns,10.97,6.48,16.84,0.096,ns,ns
104,Atiwa West,Eastern,6.20778059999999,-0.635808682575408,District,1,61219,11.022212877834797,18.9,42.5,20.46096800013068,29.788137669677717,57.238092824009534,35.557588330420295,88.7,74.7,66.7,10.0,38.3,76.0,10.2,10.27,6.75,14.56,0.004,LL,coldspot,38.34,30.63,46.56,0.014,LL,coldspot,76.8,67.88,84.83,0.588,ns,ns,11.14,6.68,16.77,0.094,ns,coldspot
105,Ayensuano,Eastern,5.94469995,-0.449937193103216,District,1,94594,11.457349328081376,29.1,42.9,27.379114954436854,46.5092923441233,57.30165577197465,36.2813709114743,88.7,74.7,66.7,10.0,38.3,76.0,10.2,10.94,7.2,15.52,0.012,LL,coldspot,41.53,33.56,50.12,0.08,LL,coldspot,76.62,67.76,84.76,0.562,ns,ns,12.18,7.4,18.48,0.176,ns,coldspot
106,Birim Central Municipal,Eastern,5.97391735,-1.00480959493596,Municipal,2,76302,11.242454429248802,11.9,41.9,13.03635553458625,12.184477471101674,48.60021535148439,31.839270268145004,88.7,74.7,66.7,10.0,38.3,76.0,10.2,9.53,6.21,13.71,0.0,ns,coldspot,34.81,27.39,42.51,0.0,ns,ns,75.16,66.36,82.85,0.432,ns,ns,8.68,5.03,13.7,0.012,ns,ns
107,Birim North,Eastern,6.3681437,-1.02271793293055,District,1,82669,11.32259996188712,18.3,42.6,21.30060845056793,17.158789872866492,54.28174200578665,35.615526981093275,88.7,74.7,66.7,10.0,38.3,76.0,10.2,10.34,6.82,14.92,0.004,LL,coldspot,37.61,29.57,46.25,0.009,ns,coldspot,77.13,67.09,85.46,0.614,ns,ns,10.65,6.26,16.57,0.076,ns,ns
108,Birim South,Eastern,5.9375343,-1.0087951,District,1,35654,10.481616621511806,24.9,43.6,20.435294777584563,29.40483536209121,49.35804778505229,34.027037639535536,88.7,74.7,66.7,10.0,38.3,76.0,10.2,10.26,6.72,14.72,0.003,LL,coldspot,39.56,31.61,48.45,0.032,ns,ns,75.58,64.92,84.46,0.477,ns,ns,10.78,6.38,16.46,0.081,ns,ns
109,Denkyembuor,Eastern,6.05,-0.8,District,1,77029,11.251937253307664,18.1,42.3,19.865245556868192,12.956159368549509,46.58379089010904,32.85126380973399,88.7,74.7,66.7,10.0,38.3,76.0,10.2,9.6,6.31,13.8,0.0,LL,coldspot,36.78,29.05,44.79,0.003,LL,coldspot,76.54,66.72,84.71,0.57,ns,ns,9.72,5.78,15.04,0.032,ns,ns
110,Fanteakwa North,Eastern,6.49761694999999,-0.362546050326661,District,1,56987,10.95057845062929,28.9,41.9,28.564409426711357,30.994788285047463,57.75834055459272,35.199255970659976,88.7,74.7,66.7,10.0,38.3,76.0,10.2,10.32,6.58,15.15,0.008,LL,coldspot,39.84,31.06,49.2,0.045,ns,ns,80.02,70.63,87.98,0.801,ns,ns,12.35,7.31,19.06,0.212,ns,ns
111,Fanteakwa South,Eastern,6.37117379999999,-0.311872167608319,District,1,54634,10.908411678551898,21.7,41.7,17.873485375407256,24.61470878939854,55.10047427145873,33.23388366218838,88.7,74.7,66.7,10.0,38.3,76.0,10.2,9.41,6.3,13.35,0.0,LL,coldspot,36.2,29.03,43.64,0.002,LL,coldspot,77.51,69.41,84.73,0.66,ns,ns,10.28,6.32,15.79,0.046,ns,coldspot
112,Kwaebibirem Municipal,Eastern,6.23359759999999,-0.87590978580917,Municipal,2,121698,11.709297844986844,19.6,42.9,20.38242206116781,20.01594110010025,53.203756388630126,34.72530362043748,88.7,74.7,66.7,10.0,38.3,76.0,10.2,10.52,6.99,14.74,0.005,LL,coldspot,37.72,30.74,44.91,0.002,ns,coldspot,75.39,67.57,82.49,0.448,ns,ns,9.63,5.76,14.56,0.024,ns,ns
113,Kwahu Afram Plains North,Eastern,6.8753584,0.0047456123339843,District,1,66555,11.10578395248112,48.5,41.9,42.225227255653216,48.10457516339869,60.740830701967454,38.1413868229284,88.7,74.7,66.7,10.0,38.3,76.0,10.2,11.77,7.22,18.11,0.052,ns,ns,44.9,33.85,56.24,0.286,ns,ns,81.86,70.3,90.99,0.844,ns,ns,15.18,7.96,24.79,0.502,ns,ns
114,Kwahu Afram Plains South,Eastern,6.8854777,-0.460380290065423,District,1,74002,11.21184739884811,39.1,41.6,40.55025539850274,44.69473798005459,62.10081055941888,38.98273019648118,88.7,74.7,66.7,10.0,38.3,76.0,10.2,11.84,7.48,18.09,0.05,LL,coldspot,43.97,33.73,54.44,0.228,ns,ns,81.76,71.18,90.22,0.862,ns,ns,15.03,8.43,24.14,0.49,ns,ns
115,Kwahu East,Eastern,6.73342465,-0.81009459846416,District,1,80233,11.292690180545192,29.4,42.0,23.8792018246856,31.29634938242369,51.3214205270666,33.598394675507585,88.7,74.7,66.7,10.0,38.3,76.0,10.2,10.28,6.9,14.55,0.004,ns,ns,39.21,31.62,47.47,0.018,ns,ns,79.08,71.14,85.93,0.804,ns,ns,11.8,7.45,17.77,0.144,ns,ns
116,Kwahu South Municipal,Eastern,8.25846,0.508747,Municipal,2,79851,11.287917677046268,28.8,43.4,23.702896645001317,28.579479280159298,49.49420990770536,35.00519717974728,88.7,74.7,66.7,10.0,38.3,76.0,10.2,11.46,8.01,15.6,0.012,ns,coldspot,42.0,35.55,49.32,0.054,ns,ns,76.08,69.32,82.07,0.518,ns,ns,10.59,6.77,15.2,0.044,ns,ns
117,Kwahu West Municipal,Eastern,6.49118254999999,-0.728456087972531,Municipal,2,145429,11.887443273987763,15.1,41.9,16.509086908388287,16.517338357549043,54.70279776521935,35.87730095097952,88.7,74.7,66.7,10.0,38.3,76.0,10.2,10.59,7.01,15.04,0.002,ns,coldspot,36.25,28.78,43.94,0.002,ns,ns,76.73,67.99,84.07,0.581,ns,ns,10.21,6.14,15.66,0.05,ns,ns
118,Lower Manya Krobo Municipal,Eastern,6.2127831,-0.0404975690174626,Municipal,2,121849,11.710537852208022,19.8,43.4,19.843412748565846,20.488473438436092,42.841159358842994,30.31621104810052,88.7,74.7,66.7,10.0,38.3,76.0,10.2,9.53,6.03,13.77,0.0,LL,coldspot,37.61,29.76,45.66,0.006,ns,ns,74.02,64.06,82.75,0.356,ns,ns,8.35,4.71,13.21,0.008,ns,ns
119,New Juaben North Municipal,Eastern,6.1364245,-0.312846157003848,Municipal,2,88716,11.3931955353451,10.6,41.7,9.87307813697642,11.264033545245503,45.62447835467158,28.42215609360205,88.7,74.7,66.7,10.0,38.3,76.0,10.2,8.29,4.87,12.86,0.0,LL,coldspot,31.88,22.47,41.83,0.0,LL,coldspot,72.2,56.27,85.42,0.327,ns,ns,6.93,3.12,12.5,0.008,LL,coldspot
120,New Juaben South Municipal,Eastern,6.0721368,-0.260652306105858,Municipal,2,129741,11.77329543446048,8.5,41.1,9.1104585289153,12.523412028580015,51.5358977624931,27.384558466483224,88.7,74.7,66.7,10.0,38.3,76.0,10.2,7.87,4.64,12.19,0.0,LL,coldspot,31.08,22.3,40.71,0.0,LL,coldspot,73.0,57.4,85.2,0.352,ns,ns,6.81,3.23,12.47,0.006,LL,coldspot
121,Nsawam Adoagyiri Municipal,Eastern,5.81791215,-0.36426765,Municipal,2,155597,11.955024610334908,13.0,43.4,15.54335880511835,29.26148961740908,53.35275286245782,33.14845401903636,88.7,74.7,66.7,10.0,38.3,76.0,10.2,10.74,7.26,15.15,0.004,ns,ns,39.72,31.87,47.79,0.024,ns,ns,73.36,64.89,80.95,0.261,ns,ns,10.13,6.09,15.5,0.038,ns,ns
122,Okere,Eastern,6.04034605,-0.127770489495342,District,1,51675,10.852729384549969,24.0,42.4,21.53265602322206,35.074987905176584,52.21775941283556,33.02951136913401,88.7,74.7,66.7,10.0,38.3,76.0,10.2,9.17,6.14,13.11,0.0,LL,coldspot,36.6,29.57,43.99,0.002,LL,coldspot,75.61,67.22,82.8,0.486,ns,ns,9.45,5.68,14.51,0.022,ns,coldspot
123,Suhum Municipal,Eastern,6.035885,-0.4552751,Municipal,2,126403,11.747230494590458,17.6,42.0,18.914899171696877,28.54758194030205,58.58245915529937,33.70964296733464,88.7,74.7,66.7,10.0,38.3,76.0,10.2,9.65,6.19,14.0,0.002,LL,coldspot,35.62,27.88,43.87,0.001,LL,coldspot,74.38,64.7,83.07,0.374,ns,ns,8.71,4.85,13.76,0.012,ns,coldspot
124,Upper Manya Krobo,Eastern,6.40201115,-0.134429386146108,District,1,70612,11.164955380709172,32.7,40.5,35.31269472610888,38.15073925111879,63.99344973334218,36.00379538888574,88.7,74.7,66.7,10.0,38.3,76.0,10.2,10.36,6.63,15.06,0.008,LL,coldspot,40.4,31.48,49.75,0.062,LL,coldspot,81.63,72.49,89.1,0.888,ns,ns,12.83,7.59,20.15,0.26,ns,ns
125,Upper West Akim,Eastern,5.80678025,-0.540057196199224,District,1,95855,11.47059191195415,29.7,43.7,28.33237702780241,49.22330603515727,55.39498401608279,36.68979187314172,88.7,74.7,66.7,10.0,38.3,76.0,10.2,11.6,7.55,17.22,0.034,LL,coldspot,43.64,34.95,53.25,0.192,ns,ns,76.16,65.19,85.77,0.526,ns,ns,12.97,7.49,20.2,0.27,ns,ns
126,West Akim Municipal,Eastern,5.9070609,-0.68318054757923,Municipal,2,117681,11.67573285285988,23.7,43.0,23.19405851411868,28.110740051495146,52.346457919538885,34.542534478802864,88.7,74.7,66.7,10.0,38.3,76.0,10.2,10.84,7.3,15.18,0.003,LL,coldspot,39.73,32.63,47.19,0.018,ns,ns,75.47,68.52,81.71,0.448,ns,ns,10.32,6.5,15.39,0.038,ns,ns
127,Yilo Krobo Municipal,Eastern,6.1564095,-0.167401779755807,Municipal,2,122398,11.715033309057585,21.5,42.1,21.138417294400234,29.417964345822643,55.33583738400353,33.44008889034134,88.7,74.7,66.7,10.0,38.3,76.0,10.2,9.69,6.29,13.79,0.0,LL,coldspot,36.29,28.7,44.01,0.002,LL,coldspot,75.39,66.18,83.27,0.457,ns,ns,9.01,5.13,14.31,0.019,LL,coldspot
128,Ablekuma Central Municipal,Greater Accra,5.5541808,-0.24078224491606,Municipal,2,169145,12.038511614209444,9.4,45.2,11.918767921014512,36.52723994206154,59.22092879766361,28.13562328179964,98.5,91.4,79.2,11.0,36.2,70.0,10.7,10.1,6.95,14.27,0.002,LL,coldspot,36.52,28.19,44.98,0.008,LL,coldspot,65.48,52.94,76.5,0.032,LL,coldspot,8.42,4.96,13.23,0.007,ns,coldspot
129,Ablekuma North Municipal,Greater Accra,5.58719365,-0.263259064824942,Municipal,2,159208,11.977966802386147,8.3,42.9,7.149138234259585,36.66147429777398,60.44426205174326,28.064544495251496,98.5,91.4,79.2,11.0,36.2,70.0,10.7,9.77,7.2,13.18,0.0,LL,coldspot,33.87,27.75,40.04,0.0,LL,coldspot,68.84,61.42,75.29,0.012,LL,coldspot,9.13,5.91,13.15,0.006,LL,coldspot
130,Ablekuma West Municipal,Greater Accra,5.5431939,-0.26615017413473,Municipal,2,153490,11.941390697307456,8.9,43.0,8.151019610398071,39.41429409082025,57.22249061652235,29.874258909375204,98.5,91.4,79.2,11.0,36.2,70.0,10.7,10.37,7.55,13.96,0.001,LL,coldspot,34.95,28.93,41.34,0.0,LL,coldspot,68.7,61.73,75.2,0.012,ns,coldspot,9.54,6.37,13.62,0.012,ns,coldspot
131,"Accra Metropolitan Area (AMA)-Ablekuma South, Ashiedu Keteke & Okaikoi South",Greater Accra,5.55381875,-0.205849787615075,Metropolitan,3,276997,12.531761954785916,11.1,43.9,16.656859099557035,38.04156723719029,58.84671078845836,25.705332548727963,98.5,91.4,79.2,11.0,36.2,70.0,10.7,9.86,6.3,14.68,0.004,LL,coldspot,35.74,26.74,46.15,0.01,LL,coldspot,65.76,49.21,80.73,0.102,LL,coldspot,7.61,3.68,13.57,0.014,ns,coldspot
132,Ada East,Greater Accra,5.8761016,0.549568161630084,District,1,76411,11.243881943848214,28.2,44.2,29.294211566397507,42.9074347934198,48.74330449114132,36.47511483948646,98.5,91.4,79.2,11.0,36.2,70.0,10.7,15.54,9.86,23.29,0.332,ns,ns,50.48,38.07,62.98,0.656,ns,ns,75.76,56.11,89.38,0.528,ns,ns,17.11,8.23,29.67,0.64,ns,ns
133,Ada West,Greater Accra,5.9040093,0.420370257026968,District,1,76087,11.239632701398955,40.1,44.7,33.127866784076126,59.261108993652,50.10203628942816,40.74940528605412,98.5,91.4,79.2,11.0,36.2,70.0,10.7,17.48,10.34,26.84,0.538,ns,ns,51.91,37.67,65.32,0.718,ns,ns,75.85,53.41,90.68,0.543,ns,ns,20.95,9.44,37.15,0.807,ns,ns
134,Adentan Municipal,Greater Accra,5.7042433,-0.1690967,Municipal,2,265971,12.491142559264054,8.3,41.8,7.127092803350742,37.46085099503329,56.92840828542175,28.392569114677915,98.5,91.4,79.2,11.0,36.2,70.0,10.7,9.46,6.7,13.01,0.0,ns,coldspot,32.54,26.01,39.14,0.0,LL,coldspot,70.92,62.06,79.1,0.119,ns,ns,9.42,5.94,13.99,0.014,ns,ns
135,Ashaiman Municipal,Greater Accra,5.6993574,-0.0348533202566188,Municipal,2,208060,12.245581778624889,7.5,43.3,11.317889070460444,35.07209458809959,62.140681613486514,30.092761703354803,98.5,91.4,79.2,11.0,36.2,70.0,10.7,10.78,7.78,14.5,0.002,ns,ns,35.42,29.01,42.18,0.0,LL,coldspot,69.63,61.72,77.41,0.062,ns,coldspot,10.02,6.38,14.62,0.024,ns,ns
136,Ayawaso Central Municipal,Greater Accra,5.59137939999999,-0.212668442666915,Municipal,2,94831,11.459851639008296,12.2,42.8,9.117271778215985,43.81267728907214,55.95358872869125,26.202402168067405,98.5,91.4,79.2,11.0,36.2,70.0,10.7,9.12,6.36,12.61,0.0,LL,coldspot,33.84,27.44,41.12,0.0,LL,coldspot,68.86,59.51,77.3,0.05,ns,coldspot,8.66,5.38,13.13,0.008,LL,coldspot
137,Ayawaso East Municipal,Greater Accra,5.5828425,-0.194266228463183,Municipal,2,53004,10.878122661384529,15.4,44.0,19.02686589691344,38.87442457173044,48.2810788251865,27.669609840766736,98.5,91.4,79.2,11.0,36.2,70.0,10.7,9.48,6.48,13.38,0.0,LL,coldspot,36.28,28.48,44.56,0.003,LL,coldspot,68.29,56.73,78.62,0.08,LL,coldspot,8.34,5.05,13.33,0.01,LL,coldspot
138,Ayawaso North Municipal,Greater Accra,5.5908829,-0.199044848506062,Municipal,2,63386,11.056998295851676,13.9,43.8,14.264979648502823,33.99173319029439,49.80358111774281,27.310447101883696,98.5,91.4,79.2,11.0,36.2,70.0,10.7,9.19,6.38,12.78,0.0,LL,coldspot,34.78,27.57,42.47,0.0,LL,coldspot,67.87,57.42,77.28,0.053,ns,coldspot,8.03,5.03,12.57,0.003,LL,coldspot
139,Ayawaso West Municipal,Greater Accra,5.62669775,-0.179111178909241,Municipal,2,75303,11.229275253631815,9.3,41.6,5.412798958872821,35.09820325883431,45.38674621777115,18.981979469609445,98.5,91.4,79.2,11.0,36.2,70.0,10.7,7.53,4.22,12.13,0.0,LL,coldspot,30.47,20.78,42.08,0.001,LL,coldspot,67.94,46.03,84.89,0.225,LL,coldspot,7.05,3.11,13.47,0.016,LL,coldspot
140,Ga Central Municipal,Greater Accra,5.3203951,-2.0334832,Municipal,2,332232,12.71358879903568,8.3,42.6,6.997519805437165,43.67610585374076,58.66682801182429,30.35348792410123,98.5,91.4,79.2,11.0,36.2,70.0,10.7,11.65,8.94,15.13,0.006,ns,ns,36.16,30.51,42.16,0.0,LL,coldspot,70.84,64.45,76.25,0.03,ns,coldspot,11.94,8.43,16.5,0.096,ns,ns
141,Ga East Municipal,Greater Accra,5.669162,-0.333376,Municipal,2,283379,12.554540503281446,10.1,41.8,6.671277688184375,37.32492527674951,54.46028793827926,28.280500672244592,98.5,91.4,79.2,11.0,36.2,70.0,10.7,9.88,7.07,13.23,0.0,LL,coldspot,33.08,27.2,40.04,0.0,LL,coldspot,70.9,63.39,77.74,0.087,ns,coldspot,9.9,6.38,14.36,0.014,ns,ns
142,Ga North Municipal,Greater Accra,5.669162,-0.333376,Municipal,2,235292,12.368582574987448,10.5,42.3,8.040222362001257,36.699930299372696,53.171780865442194,30.443023987215884,98.5,91.4,79.2,11.0,36.2,70.0,10.7,10.62,7.74,14.19,0.0,LL,coldspot,34.15,28.21,40.51,0.0,LL,coldspot,70.84,64.15,77.26,0.06,ns,coldspot,10.5,6.88,14.65,0.025,ns,ns
143,Ga South Municipal,Greater Accra,5.669162,-0.333376,Municipal,2,350121,12.766034088005895,15.8,44.1,14.278206677120195,51.14032006077899,54.78203752764215,34.775406216707935,98.5,91.4,79.2,11.0,36.2,70.0,10.7,12.5,9.24,16.84,0.028,LL,coldspot,38.77,32.45,45.38,0.004,LL,coldspot,70.05,62.41,77.28,0.056,ns,coldspot,12.45,8.36,17.64,0.174,ns,ns
144,Ga West Municipal,Greater Accra,5.669162,-0.333376,Municipal,2,314299,12.658100041107035,10.5,43.3,11.32965742811781,39.29824784679557,54.388979439545984,35.191648716667885,98.5,91.4,79.2,11.0,36.2,70.0,10.7,12.23,8.93,16.46,0.02,LL,coldspot,36.84,30.01,43.7,0.0,LL,coldspot,70.84,62.84,78.01,0.078,ns,coldspot,12.17,8.26,17.01,0.148,ns,ns
145,Korle Klottey Municipal,Greater Accra,5.55901944999999,-0.19823054970895,Municipal,2,68633,11.136528747609413,10.6,43.4,9.198199117042822,34.318767939620884,55.76628710098936,21.947168271822598,98.5,91.4,79.2,11.0,36.2,70.0,10.7,8.29,5.51,11.85,0.0,LL,coldspot,33.26,25.79,41.32,0.0,LL,coldspot,66.36,53.59,77.58,0.05,LL,coldspot,7.04,4.03,11.45,0.001,LL,coldspot
146,Kpone Katamanso Municipal,Greater Accra,5.77159775,-0.0733651054089466,Municipal,2,412828,12.930786320306542,10.5,43.1,9.259546348600386,37.8562016142316,55.65982426183375,33.89353435328999,98.5,91.4,79.2,11.0,36.2,70.0,10.7,12.09,8.88,15.98,0.014,LL,coldspot,36.82,30.42,43.15,0.001,LL,coldspot,71.0,63.84,77.95,0.084,ns,coldspot,11.97,7.91,16.68,0.118,ns,ns
147,Krowor Municipal,Greater Accra,5.60941925,-0.0769277820845922,Municipal,2,143012,11.870683821805205,12.4,42.4,7.136464072944928,43.14393197773613,52.21651845349414,26.71663916314715,98.5,91.4,79.2,11.0,36.2,70.0,10.7,9.34,6.39,13.07,0.0,ns,coldspot,33.22,26.21,40.47,0.0,LL,coldspot,69.31,58.79,78.92,0.092,ns,ns,9.13,5.57,13.87,0.014,ns,ns
148,La Dade-Kotopon Municipal,Greater Accra,5.58947605,-0.156988356399583,Municipal,2,140264,11.851281640149963,8.9,43.1,5.467546911538242,37.067244624422514,57.82109777351323,27.18445217589688,98.5,91.4,79.2,11.0,36.2,70.0,10.7,8.96,6.36,12.23,0.0,LL,coldspot,33.05,26.76,39.78,0.0,LL,coldspot,67.66,58.47,75.97,0.024,LL,coldspot,8.08,5.11,12.1,0.002,LL,coldspot
149,La Nkwantanang Madina Municipal,Greater Accra,5.74468145,-0.172508699400876,Municipal,2,220757,12.304817828042728,11.3,42.7,7.713458689871669,35.27317367059708,52.962062103168336,28.29898938652002,98.5,91.4,79.2,11.0,36.2,70.0,10.7,9.64,6.87,13.09,0.0,ns,coldspot,33.32,26.83,40.26,0.0,LL,coldspot,69.69,60.53,77.96,0.071,ns,ns,9.13,5.88,13.44,0.008,ns,ns
150,Ledzokuku Municipal,Greater Accra,5.6050983,-0.114493361214251,Municipal,2,217304,12.289052573806348,11.3,43.3,8.547932849832494,37.7604646025844,53.67445885242356,27.674594116997387,98.5,91.4,79.2,11.0,36.2,70.0,10.7,9.18,6.4,12.59,0.0,LL,coldspot,33.41,26.55,40.9,0.0,LL,coldspot,68.2,58.56,77.02,0.043,ns,coldspot,8.41,5.28,12.87,0.004,ns,coldspot
151,Ningo-Prampram,Greater Accra,5.81176965,0.146110955005239,Municipal,2,204673,12.229168862607802,19.4,44.0,17.40288166978546,45.17156635218129,53.51961150541651,34.603000884337455,98.5,91.4,79.2,11.0,36.2,70.0,10.7,14.32,10.24,19.62,0.157,ns,ns,43.31,34.83,52.1,0.146,ns,ns,72.44,61.05,82.58,0.274,ns,ns,14.77,9.32,22.25,0.476,ns,ns
152,Okaikoi North Municipal,Greater Accra,5.6104365,-0.2395459,Municipal,2,160446,11.98571271634255,11.1,42.4,7.9590641087967295,33.87993468207372,53.7582962956668,26.65881355720928,98.5,91.4,79.2,11.0,36.2,70.0,10.7,9.44,6.75,12.86,0.0,LL,coldspot,33.04,26.84,39.55,0.0,LL,coldspot,69.84,61.41,77.38,0.06,LL,coldspot,8.95,5.67,12.98,0.006,ns,coldspot
153,Shai-Osudoku,Greater Accra,5.95875335,0.161872328401567,District,1,105610,11.56750834274052,23.5,44.2,21.545308209449864,28.738755799640185,48.697519845588985,34.75333775210681,98.5,91.4,79.2,11.0,36.2,70.0,10.7,14.05,8.86,20.84,0.174,ns,ns,44.49,33.26,56.35,0.276,ns,ns,73.9,54.72,87.41,0.436,ns,ns,15.22,7.94,26.23,0.489,ns,ns
154,Tema Metropolitan Area (TMA)-Tema Central & Tema East,Greater Accra,5.6698,-0.01657,Metropolitan,3,174494,12.069645636079322,11.6,43.8,11.34709502905544,45.188946324802,55.54337124698839,28.402695794697813,98.5,91.4,79.2,11.0,36.2,70.0,10.7,11.16,7.36,16.04,0.014,ns,ns,36.17,27.41,45.2,0.006,LL,coldspot,66.91,52.29,79.1,0.072,ns,coldspot,9.28,5.25,14.99,0.032,ns,ns
155,Tema West Municipal,Greater Accra,5.65076355,-0.0688760444019398,Municipal,2,196224,12.187012142791431,8.2,42.0,5.490154109589041,39.21334801043705,57.462076930661,27.634743966079583,98.5,91.4,79.2,11.0,36.2,70.0,10.7,9.84,7.13,13.18,0.0,LL,coldspot,33.17,27.23,39.42,0.0,LL,coldspot,70.16,63.36,76.82,0.043,ns,coldspot,9.62,6.2,13.77,0.01,ns,ns
156,Weija Gbawe Municipal,Greater Accra,5.55414475,-0.296466750643799,Municipal,2,213674,12.272206768018588,8.7,42.9,7.822196430075722,39.68522141205762,58.07246347139474,31.424038488538613,98.5,91.4,79.2,11.0,36.2,70.0,10.7,10.78,7.98,14.39,0.001,LL,coldspot,35.14,29.18,41.11,0.0,LL,coldspot,69.67,63.48,75.42,0.014,LL,coldspot,10.43,6.97,14.6,0.024,LL,coldspot
157,Bunkpurugu Nakpanduri,North East,10.632198,-0.180118,District,1,82384,11.319146522285925,38.3,45.5,38.5633132647116,10.712031462419889,32.89701786166462,37.683288017090696,59.3,21.9,27.2,29.0,64.9,65.5,19.9,24.47,16.45,34.17,0.971,HH,hotspot,60.3,48.84,71.02,0.982,HH,hotspot,63.56,49.38,76.7,0.032,ns,coldspot,16.45,9.44,25.97,0.63,ns,hotspot
158,Chereponi,North East,10.1792653999999,0.207987165887793,District,1,87176,11.375684342656722,53.8,44.2,56.30563457832431,37.277461686702765,40.08937262189187,48.14627879232816,59.3,21.9,27.2,29.0,64.9,65.5,19.9,31.16,22.21,41.55,1.0,HH,hotspot,65.63,55.07,75.25,1.0,HH,hotspot,72.52,60.0,83.24,0.28,ns,ns,27.29,17.05,39.93,0.996,ns,hotspot
159,East Mamprusi Municipal,North East,10.45279035,-0.416678651029704,Municipal,2,188006,12.144229156196436,54.7,47.4,52.28184206887014,16.82286735529717,26.67137199545152,45.74002957352425,59.3,21.9,27.2,29.0,64.9,65.5,19.9,30.64,22.26,39.62,1.0,HH,hotspot,66.64,57.81,75.12,1.0,HH,hotspot,61.76,50.55,72.54,0.003,LL,coldspot,18.15,10.8,26.4,0.802,ns,ns
160,Mamprugu Moagduri,North East,10.23964,-1.27428,District,1,68746,11.138173832018008,44.5,42.4,58.87324353416926,62.55345765571815,58.3074303321891,46.18305065021965,59.3,21.9,27.2,29.0,64.9,65.5,19.9,25.64,17.52,35.86,0.985,ns,hotspot,62.75,50.73,73.56,0.994,HH,hotspot,73.11,57.64,85.44,0.357,ns,ns,23.6,13.52,35.44,0.948,ns,ns
161,West Mamprusi Municipal,North East,10.29738455,-0.764055036110824,Municipal,2,175755,12.076846258770365,41.5,45.8,46.80492731358994,15.36001820716338,32.06088897078394,44.4192199368439,59.3,21.9,27.2,29.0,64.9,65.5,19.9,28.15,20.55,36.85,0.999,HH,hotspot,63.55,54.32,72.42,1.0,HH,hotspot,63.12,52.36,73.21,0.007,ns,coldspot,17.33,10.68,25.41,0.748,ns,ns
162,Yunyoo Nasuan,North East,10.4415225,-0.0276844142154081,District,1,56879,10.948681483450564,56.9,47.0,58.01613952425324,33.07371789236801,35.59125085440875,48.5574640904376,59.3,21.9,27.2,29.0,64.9,65.5,19.9,32.69,23.48,43.26,1.0,HH,hotspot,68.82,58.78,78.11,1.0,HH,hotspot,66.76,53.16,78.58,0.066,ns,ns,24.54,15.04,35.87,0.981,ns,hotspot
163,Gushegu Municipal,Northern,9.9185016,-0.2164706,Municipal,2,153965,11.944480582838134,51.5,44.3,59.790212061182736,48.12457376676517,46.51711467801199,49.62166726204008,72.0,29.9,34.1,30.0,69.4,86.1,23.9,34.58,28.59,40.8,1.0,HH,hotspot,72.69,66.16,78.22,1.0,HH,hotspot,84.85,78.39,90.03,0.996,ns,ns,26.75,19.5,35.01,0.999,HH,hotspot
164,Karaga,Northern,9.9267799,-0.4316607,District,1,114225,11.645925466431471,50.5,46.5,60.84044648719632,43.8695557014664,42.963608045418766,47.72510396147953,72.0,29.9,34.1,30.0,69.4,86.1,23.9,33.63,26.65,41.1,1.0,HH,hotspot,74.41,67.7,80.52,1.0,HH,hotspot,84.2,75.91,91.03,0.974,ns,ns,25.88,17.52,35.04,0.996,HH,hotspot
165,Kpandai,Northern,8.4635789,-0.0119853,District,1,126213,11.745726234877472,48.6,42.1,51.02327018611395,53.62601316821564,58.56181880108992,44.170568800361295,72.0,29.9,34.1,30.0,69.4,86.1,23.9,26.3,19.69,33.67,1.0,HH,hotspot,67.06,58.6,75.0,1.0,HH,hotspot,89.01,82.28,94.34,1.0,HH,hotspot,27.93,18.37,38.6,0.999,HH,hotspot
166,Kumbungu,Northern,9.5591282,-0.9467086,District,1,110586,11.613548777779677,45.0,46.4,50.7089505000633,35.690774600763206,33.26694549558521,45.51570723238023,72.0,29.9,34.1,30.0,69.4,86.1,23.9,32.1,24.8,40.24,1.0,HH,hotspot,73.35,65.59,80.33,1.0,HH,hotspot,85.24,76.67,91.77,0.983,ns,hotspot,25.07,16.59,35.48,0.991,ns,hotspot
167,Mion,Northern,9.45284905,-0.335525511842833,District,1,94930,11.460895056875843,53.4,44.5,60.724744548614765,42.37543453070683,47.80832615791265,47.39386916675445,72.0,29.9,34.1,30.0,69.4,86.1,23.9,31.89,25.16,39.16,1.0,HH,hotspot,72.54,65.34,79.27,1.0,HH,hotspot,88.6,82.3,93.74,1.0,HH,hotspot,28.43,19.58,38.25,0.999,HH,hotspot
168,Nanton,Northern,9.55848269999999,-0.710728600167338,District,1,50767,10.83500181618177,39.9,45.3,55.03969113794394,38.78897709141766,44.70899470899471,46.390371698150375,72.0,29.9,34.1,30.0,69.4,86.1,23.9,31.61,25.22,38.92,1.0,HH,hotspot,72.33,65.41,78.7,1.0,HH,hotspot,86.51,80.1,91.77,0.998,HH,hotspot,25.31,17.82,33.8,0.998,HH,hotspot
169,Nanumba North Municipal,Northern,8.92200959999999,-0.138644700894755,Municipal,2,188680,12.147807737398198,41.5,41.4,53.02416790332839,43.8626245495018,53.94829275049719,46.43364426542294,72.0,29.9,34.1,30.0,69.4,86.1,23.9,29.88,23.95,36.63,1.0,HH,hotspot,67.98,60.84,74.71,1.0,HH,hotspot,90.15,84.89,93.94,1.0,HH,hotspot,28.06,20.32,37.22,1.0,HH,hotspot
170,Nanumba South,Northern,8.76637935,0.0549741822848612,District,1,106374,11.574716465126436,46.3,42.3,54.983360595634274,43.46832872694456,55.16390295628645,48.58048019252825,72.0,29.9,34.1,30.0,69.4,86.1,23.9,30.22,22.84,37.97,1.0,HH,hotspot,69.25,61.06,77.35,1.0,HH,hotspot,90.33,83.97,95.21,1.0,HH,hotspot,31.46,21.38,42.95,1.0,HH,hotspot
171,Saboba,Northern,9.70870525,0.196098328672698,District,1,95683,11.468795923207969,46.0,45.3,45.89843545875443,21.53256064295643,43.90052356020942,44.10710366522789,72.0,29.9,34.1,30.0,69.4,86.1,23.9,29.78,23.33,37.0,1.0,HH,hotspot,69.3,61.2,76.57,1.0,HH,hotspot,85.83,77.99,91.89,0.991,HH,hotspot,23.37,15.67,32.07,0.99,HH,hotspot
172,Sagnarigu Municipal,Northern,9.48585935,-0.855049753344912,Municipal,2,341711,12.741720629566505,18.7,43.9,27.510381579755997,18.26163044209873,41.13385238958889,38.84627653192317,72.0,29.9,34.1,30.0,69.4,86.1,23.9,26.47,20.22,33.36,1.0,HH,hotspot,64.76,56.35,72.42,1.0,HH,hotspot,83.65,75.8,90.16,0.972,ns,hotspot,18.12,11.9,26.2,0.815,ns,hotspot
173,Savelugu Municipal,Northern,9.6260647,-0.8258943,Municipal,2,122888,11.719028650428982,41.1,45.5,49.38561942581863,35.82774558947985,32.7544432354008,43.91234294642276,72.0,29.9,34.1,30.0,69.4,86.1,23.9,31.76,25.21,38.44,1.0,HH,hotspot,72.08,64.94,78.35,1.0,HH,hotspot,84.98,78.26,90.36,0.993,ns,hotspot,22.62,15.05,31.62,0.98,ns,hotspot
174,Tamale Metropolitan Area (TMA)-Tamale Central & Tamale South,Northern,9.40078,-0.8393,Metropolitan,3,367324,12.813999571355632,21.0,44.0,33.60929315808387,26.6484084895079,47.241038984343454,39.31515501301303,72.0,29.9,34.1,30.0,69.4,86.1,23.9,27.99,20.21,36.76,0.998,HH,hotspot,66.12,56.6,75.35,0.999,HH,hotspot,82.9,72.35,91.41,0.905,ns,hotspot,17.73,9.75,28.57,0.71,ns,hotspot
175,Tatale Sanguli,Northern,9.34906725,0.514632473680653,District,1,74805,11.222640006648332,52.4,43.5,54.72094111356193,48.7454047189359,51.84795145679755,46.68538199318228,72.0,29.9,34.1,30.0,69.4,86.1,23.9,30.92,23.74,38.62,1.0,HH,hotspot,70.68,62.88,78.16,1.0,HH,hotspot,88.86,82.26,94.01,0.999,HH,hotspot,28.67,19.83,38.82,1.0,HH,hotspot
176,Tolon,Northern,9.555956,-1.19792230212529,District,1,118090,11.679202324595328,57.5,46.8,56.018291133880936,52.02133965619443,33.00084271814909,44.73283089169278,72.0,29.9,34.1,30.0,69.4,86.1,23.9,30.44,23.72,37.34,1.0,HH,hotspot,72.81,65.74,79.43,1.0,HH,hotspot,85.2,77.84,91.33,0.992,HH,hotspot,24.2,16.62,32.94,0.995,ns,hotspot
177,Yendi Municipal,Northern,9.4739214,0.022769270127783,Municipal,2,154421,11.947437917686935,38.3,45.3,46.24694827776015,23.75518873728314,39.85457024370846,43.00321847417126,72.0,29.9,34.1,30.0,69.4,86.1,23.9,30.03,24.59,35.95,1.0,HH,hotspot,69.21,62.84,74.97,1.0,HH,hotspot,86.24,81.2,90.4,1.0,HH,hotspot,21.65,15.57,28.61,0.99,HH,hotspot
178,Zabzugu,Northern,9.294058,0.367064,District,1,82846,11.324738741665051,42.7,43.3,55.76974144798783,39.019385365618135,45.01679473611559,47.53397870748135,72.0,29.9,34.1,30.0,69.4,86.1,23.9,31.41,24.49,39.09,1.0,HH,hotspot,70.47,62.82,77.36,1.0,HH,hotspot,89.2,82.85,94.09,1.0,HH,hotspot,28.46,19.63,37.84,1.0,HH,hotspot
179,Biakoye,Oti,7.39217985,0.262973639210098,District,1,71827,11.182015728917522,34.2,42.2,31.34197446642628,38.995085413563146,58.67689357622243,37.55969203781308,66.9,48.7,40.8,20.0,60.6,76.3,16.9,15.76,9.72,23.3,0.367,ns,ns,54.53,43.5,65.12,0.882,ns,ns,71.59,59.47,82.6,0.228,ns,ns,11.99,6.44,19.63,0.206,ns,ns
180,Guan,Oti,7.19092,0.60951,District,1,28238,10.248423867569471,28.1,42.9,17.67830582902472,27.392166584035696,52.88819875776397,31.58155676747645,66.9,48.7,40.8,20.0,60.6,76.3,16.9,13.2,7.18,20.85,0.158,ns,ns,50.05,37.37,62.63,0.62,ns,ns,65.9,47.33,82.42,0.117,ns,ns,9.03,3.88,16.91,0.061,ns,ns
181,Jasikan Municipal,Oti,7.40707195,0.466071316332564,Municipal,2,59695,10.997003543779488,30.2,42.2,24.306893374654493,36.79872686154619,55.87684205195726,33.84035513862133,66.9,48.7,40.8,20.0,60.6,76.3,16.9,14.6,8.53,22.74,0.254,ns,ns,51.59,39.18,63.56,0.72,ns,ns,67.11,51.03,80.19,0.11,ns,ns,9.43,4.35,16.96,0.069,ns,ns
182,Kadjebi,Oti,7.7210325,0.534053201682814,District,1,73959,11.211266164587588,27.2,41.5,28.641544639597612,28.898443732338187,58.14283258851839,37.0678348814884,66.9,48.7,40.8,20.0,60.6,76.3,16.9,15.99,9.12,24.7,0.394,ns,ns,54.0,42.11,66.13,0.836,ns,ns,71.02,57.04,83.55,0.238,ns,ns,11.97,5.69,20.9,0.211,ns,ns
183,Krachi East Municipal,Oti,7.69817,0.22447,Municipal,2,110435,11.612182391567568,41.2,41.6,43.51790646081405,45.87042151491828,59.01735532085727,41.35554851269978,66.9,48.7,40.8,20.0,60.6,76.3,16.9,20.18,12.68,29.42,0.788,ns,ns,60.34,49.32,70.84,0.988,ns,hotspot,75.55,64.12,84.77,0.499,ns,ns,15.45,8.64,24.82,0.552,ns,ns
184,Krachi Nchumuru,Oti,8.1892008,-0.0866133771431008,District,1,79934,11.28895657315623,47.2,40.8,47.79317937298271,60.01701403658018,62.68936096117013,42.52258112943178,66.9,48.7,40.8,20.0,60.6,76.3,16.9,21.52,14.24,30.11,0.876,HH,hotspot,63.68,53.56,73.08,1.0,HH,hotspot,81.22,71.55,88.98,0.877,HH,hotspot,21.27,13.12,32.28,0.926,HH,hotspot
185,Krachi West Municipal,Oti,7.8,-0.01667,Municipal,2,61128,11.020725305327405,37.4,41.7,41.15135453474676,25.29937180997252,53.85563657346693,37.62923701086245,66.9,48.7,40.8,20.0,60.6,76.3,16.9,18.9,11.53,28.0,0.69,ns,ns,58.84,48.04,69.38,0.978,ns,hotspot,76.47,64.89,85.87,0.564,ns,ns,13.8,7.34,23.02,0.382,ns,ns
186,Nkwanta North (Kpassa),Oti,8.4892994,0.3094664,District,1,126096,11.744798800593433,55.2,41.7,54.9343357441949,73.1704415683289,57.62792852798934,45.23061794188555,66.9,48.7,40.8,20.0,60.6,76.3,16.9,25.49,16.64,35.19,0.974,ns,hotspot,68.78,58.72,78.09,1.0,HH,hotspot,81.85,70.43,90.46,0.859,ns,hotspot,25.96,15.46,39.16,0.986,ns,hotspot
187,Nkwanta South Municipal,Oti,8.25811615,0.509975335946734,Municipal,2,135936,11.819939465721502,42.8,41.8,44.774746939736346,52.28489877589454,59.350668984806106,41.60928672316384,66.9,48.7,40.8,20.0,60.6,76.3,16.9,21.7,14.0,30.89,0.874,ns,hotspot,63.0,52.65,72.6,0.999,HH,hotspot,76.38,65.64,85.18,0.543,ns,ns,17.52,10.14,27.19,0.722,ns,hotspot
188,Bole,Savannah,8.69166865,-2.17855621492469,District,1,115800,11.659619844121032,37.2,44.8,48.80224525043178,19.56131260794473,38.6109026214105,37.870466321243526,61.9,26.5,30.9,21.0,62.8,89.5,24.2,16.75,10.96,23.99,0.469,ns,ns,56.53,45.65,66.75,0.946,ns,ns,89.05,82.01,94.17,1.0,HH,hotspot,18.33,11.28,27.42,0.811,ns,ns
189,Central Gonja,Savannah,8.93715119999999,-1.10983922943129,District,1,142762,11.868934187032442,61.8,46.6,56.9206091256777,46.17895518415265,31.493510720004167,46.19086311483448,61.9,26.5,30.9,21.0,62.8,89.5,24.2,23.89,15.83,33.51,0.956,HH,hotspot,66.54,56.07,75.85,1.0,HH,hotspot,89.55,81.52,94.74,0.998,HH,hotspot,28.66,18.84,40.24,0.999,HH,hotspot
190,East Gonja Municipal,Savannah,8.347473,-0.7895018232454,Municipal,2,117755,11.676361473822151,38.8,43.1,51.28189885779797,29.471360027175063,45.55281349670231,41.15663878391576,61.9,26.5,30.9,21.0,62.8,89.5,24.2,19.92,12.77,28.87,0.77,ns,hotspot,58.85,47.19,69.39,0.968,HH,hotspot,90.95,83.37,95.86,1.0,HH,hotspot,23.83,14.39,35.72,0.972,HH,hotspot
191,North East Gonja,Savannah,8.98787705,-0.403868101269744,District,1,39404,10.58162261297557,60.4,45.6,59.93046391229317,58.895036036950565,41.64623299197077,47.21601867830677,61.9,26.5,30.9,21.0,62.8,89.5,24.2,24.86,17.11,34.66,0.981,HH,hotspot,67.04,57.02,76.24,1.0,HH,hotspot,90.86,83.83,95.54,1.0,HH,hotspot,32.4,22.01,45.48,1.0,HH,hotspot
192,North Gonja,Savannah,8.98787705,-0.403868101269744,District,1,61443,11.0258651947545,58.4,47.2,60.03613104828866,59.69923343586739,36.36363636363637,45.61137965268623,61.9,26.5,30.9,21.0,62.8,89.5,24.2,24.69,16.96,34.14,0.976,HH,hotspot,68.26,58.42,77.13,1.0,HH,hotspot,89.73,82.08,94.83,0.998,HH,hotspot,30.56,19.98,43.16,1.0,HH,hotspot
193,Sawla Tuna Kalba,Savannah,9.4809443,-2.41330933679435,District,1,112664,11.632165216877889,54.2,46.9,58.733934530994816,42.84598452034368,34.529311603016296,41.61755307817936,61.9,26.5,30.9,21.0,62.8,89.5,24.2,19.85,12.96,28.23,0.778,ns,ns,64.48,53.99,73.65,1.0,ns,hotspot,87.3,78.36,93.12,0.994,ns,hotspot,20.66,13.29,29.96,0.932,ns,ns
194,West Gonja,Savannah,9.5267018,-1.5071681,Municipal,2,63449,11.057991712577044,39.7,44.9,40.19133477280966,8.877996501126889,26.416980696762284,38.51912559693612,61.9,26.5,30.9,21.0,62.8,89.5,24.2,20.05,12.54,29.38,0.757,HH,hotspot,59.34,46.39,71.68,0.96,HH,hotspot,86.23,74.55,94.09,0.959,ns,hotspot,19.01,10.14,31.72,0.766,ns,hotspot
195,Bawku Municipal,Upper East,11.0607602,-0.2422876,Municipal,2,119458,11.690720124140457,23.6,44.8,41.61546317534196,7.24020157712334,42.015713898672445,38.20422240452712,96.8,30.0,55.2,21.0,69.3,66.1,9.1,21.43,14.43,29.26,0.897,ns,hotspot,67.41,57.63,76.3,1.0,HH,hotspot,69.67,57.25,80.52,0.143,ns,coldspot,9.49,4.88,16.37,0.06,ns,ns
196,Bawku West,Upper East,10.84277,-0.492947618512454,District,1,144189,11.878880217982934,47.6,47.2,51.87496965787959,12.632031569675911,35.359542029324146,40.6369417916762,96.8,30.0,55.2,21.0,69.3,66.1,9.1,23.21,16.82,30.49,0.978,ns,hotspot,71.89,63.91,78.91,1.0,HH,hotspot,67.66,57.36,77.27,0.044,LL,coldspot,10.86,6.19,17.3,0.103,ns,ns
197,Binduri,Upper East,10.9694889,-0.3062234,District,1,76679,11.24738315586432,53.8,47.8,52.68195985863144,14.259445219682052,29.661766927842173,39.58058920956194,96.8,30.0,55.2,21.0,69.3,66.1,9.1,22.78,16.44,30.34,0.971,ns,hotspot,72.28,64.3,79.56,1.0,HH,hotspot,68.28,58.47,77.29,0.048,ns,coldspot,10.39,5.8,17.14,0.084,ns,ns
198,Bolgatanga East,Upper East,10.7853963,-0.8487322,District,1,38824,10.566793891085052,24.9,44.0,32.20688234082011,7.412940449206676,38.55696900476547,34.599732124459095,96.8,30.0,55.2,21.0,69.3,66.1,9.1,17.59,11.55,25.14,0.579,ns,ns,64.18,53.75,73.57,0.999,HH,hotspot,66.51,52.72,78.53,0.064,LL,coldspot,8.26,4.15,14.65,0.024,ns,coldspot
199,Bolgatanga Municipal,Upper East,10.7853963,-0.8487322,Municipal,2,142509,11.867160434591204,20.2,44.8,28.30768583036861,8.779094653670997,44.06299145207707,34.40905486671017,96.8,30.0,55.2,21.0,69.3,66.1,9.1,18.21,12.15,25.5,0.642,ns,ns,63.99,53.52,73.62,0.998,HH,hotspot,62.92,50.51,75.32,0.017,LL,coldspot,7.28,3.45,12.99,0.011,ns,coldspot
200,Bongo,Upper East,10.9166838999999,-0.805767855895511,District,1,116431,11.665054101845849,54.0,48.5,44.63587876081112,17.024675558914723,22.764316878412863,37.39983337770869,96.8,30.0,55.2,21.0,69.3,66.1,9.1,20.17,13.89,27.96,0.838,ns,ns,69.95,61.06,78.09,1.0,HH,hotspot,62.83,51.12,73.16,0.004,LL,coldspot,8.35,4.35,14.34,0.019,LL,coldspot
201,Builsa North Municipal,Upper East,10.73472,-1.29056,Municipal,2,56571,10.943251765395033,39.7,46.8,39.925049937247,11.470541443495785,34.70915774678343,34.60253486768839,96.8,30.0,55.2,21.0,69.3,66.1,9.1,18.82,12.69,26.19,0.708,ns,ns,66.56,56.24,75.22,1.0,HH,hotspot,63.21,50.37,75.07,0.019,LL,coldspot,7.2,3.58,12.87,0.008,ns,coldspot
202,Builsa South,Upper East,10.53032385,-1.26246582508358,District,1,36575,10.507120225888324,55.1,47.7,51.07860560492139,21.892002734108,30.30395534429375,37.30416951469583,96.8,30.0,55.2,21.0,69.3,66.1,9.1,20.69,15.39,26.43,0.914,ns,hotspot,69.67,61.82,76.59,1.0,HH,hotspot,67.67,59.09,75.26,0.015,LL,coldspot,9.96,5.82,15.4,0.042,ns,ns
203,Garu,Upper East,10.76975475,-0.21182067584702,District,1,71774,11.181277572464484,44.7,47.7,51.40301501936634,19.93618859196924,36.357448007135815,40.64424443391758,96.8,30.0,55.2,21.0,69.3,66.1,9.1,24.04,17.47,31.5,0.986,HH,hotspot,71.94,64.04,79.02,1.0,HH,hotspot,68.3,57.16,78.61,0.073,LL,coldspot,12.07,6.98,19.13,0.19,ns,ns
204,Kasena Nankana Municipal,Upper East,10.895598,-1.30768,Municipal,2,99895,11.511874913334047,33.8,47.1,32.681315381150206,12.46208518944892,34.39889122367774,32.82846989338806,96.8,30.0,55.2,21.0,69.3,66.1,9.1,18.02,12.25,25.42,0.631,ns,ns,65.08,55.16,74.04,1.0,HH,hotspot,62.02,49.02,75.66,0.021,LL,coldspot,6.86,3.31,11.93,0.006,ns,coldspot
205,Kasena Nankana West,Upper East,10.895598,-1.30768,District,1,90735,11.415698449209124,53.6,47.4,41.1483991844382,13.600044084421668,25.934882114172208,36.19331018901196,96.8,30.0,55.2,21.0,69.3,66.1,9.1,19.35,13.83,25.96,0.804,ns,ns,68.01,59.69,75.62,1.0,HH,hotspot,65.55,55.14,74.59,0.008,LL,coldspot,8.43,4.71,13.96,0.018,ns,coldspot
206,Nabdam,Upper East,10.8469045,-0.661562047243897,District,1,53039,10.878782770986689,68.6,51.2,46.52614114142423,19.838232244197663,15.498219094778907,34.891306397179434,96.8,30.0,55.2,21.0,69.3,66.1,9.1,20.81,13.94,28.91,0.86,ns,ns,72.66,62.79,81.03,1.0,HH,hotspot,58.52,43.64,71.78,0.004,LL,coldspot,7.88,3.95,14.16,0.016,LL,coldspot
207,Pusiga,Upper East,11.0854045,-0.1276855,District,1,80533,11.296422317293274,40.8,45.4,54.82597196180448,8.454919101486347,34.064277098052735,42.354066035041534,96.8,30.0,55.2,21.0,69.3,66.1,9.1,23.1,15.88,31.29,0.959,ns,hotspot,70.62,61.53,78.86,1.0,HH,hotspot,73.05,60.88,82.66,0.314,ns,ns,11.56,6.07,19.89,0.169,ns,ns
208,Talensi,Upper East,10.6451057499999,-0.62587443176215,District,1,87021,11.373904747819768,56.2,48.9,40.690178232840346,18.847174819871064,27.768737086540742,37.15195182771975,96.8,30.0,55.2,21.0,69.3,66.1,9.1,21.55,15.52,28.33,0.934,ns,hotspot,70.04,62.04,77.18,1.0,HH,hotspot,62.18,51.89,71.37,0.001,LL,coldspot,9.39,5.37,15.09,0.034,ns,ns
209,Tempane,Upper East,10.9030714,-0.0914351270233069,District,1,86993,11.373582934629544,50.7,48.1,54.79406389019806,18.289977354499783,31.264264674326512,41.07227018265837,96.8,30.0,55.2,21.0,69.3,66.1,9.1,23.8,16.89,31.61,0.978,ns,hotspot,73.06,64.71,80.64,1.0,HH,hotspot,69.31,58.47,79.08,0.092,ns,ns,11.25,5.95,18.28,0.146,ns,ns
210,Daffiama Bussie Issa,Upper West,10.36748405,-2.26222672458466,District,1,38754,10.564989255260528,38.7,44.4,55.64844919234144,26.28889921040409,42.37323795497581,38.67729782732105,97.9,26.9,51.0,17.0,61.2,73.7,9.2,16.99,10.34,25.67,0.496,ns,ns,62.12,51.45,71.64,0.994,HH,hotspot,77.27,67.1,86.1,0.614,ns,ns,10.69,5.28,19.08,0.13,ns,coldspot
211,Jirapa Municipal,Upper West,10.5366328,-2.7008646,Municipal,2,91279,11.42167602917358,50.1,47.4,49.11206301558956,12.440977661893754,26.395084442747297,36.8825250057516,97.9,26.9,51.0,17.0,61.2,73.7,9.2,17.65,10.58,26.16,0.562,ns,ns,62.75,51.58,73.4,0.994,HH,hotspot,70.48,57.43,81.59,0.182,ns,ns,8.05,3.7,14.82,0.028,ns,coldspot
212,Lambussie Karni,Upper West,10.846747,-2.708741,District,1,51118,10.841891964655394,44.2,46.0,50.17019445205212,11.416722093978638,35.118989325237486,40.073946555029536,97.9,26.9,51.0,17.0,61.2,73.7,9.2,17.52,10.85,26.27,0.548,ns,ns,61.81,51.73,71.36,0.994,ns,hotspot,74.21,63.88,83.18,0.374,ns,ns,9.35,4.58,16.54,0.058,LL,coldspot
213,Lawra Municipal,Upper West,10.61348995,-2.86412434170417,Municipal,2,58433,10.975636077718386,39.5,45.8,46.10921910564236,6.049663717419951,33.83886760323542,35.68018071979874,97.9,26.9,51.0,17.0,61.2,73.7,9.2,16.23,9.66,24.64,0.414,ns,ns,59.35,47.2,70.46,0.966,ns,hotspot,71.42,57.92,83.35,0.251,ns,ns,7.27,3.19,13.49,0.013,ns,coldspot
214,Nadowli Kaleo,Upper West,10.2868347,-2.6394776056347,District,1,77057,11.25230068671898,40.6,47.2,44.25944430746071,12.824272940810047,33.96876152994712,36.688425451289305,97.9,26.9,51.0,17.0,61.2,73.7,9.2,16.7,10.31,25.0,0.46,ns,ns,62.13,51.39,71.66,0.996,HH,hotspot,71.93,59.81,82.02,0.24,ns,ns,8.99,4.41,15.75,0.045,ns,ns
215,Nandom,Upper West,10.8520701,-2.760077,Municipal,2,51328,10.845991691226187,31.8,44.8,43.84741271820449,5.231062967581047,35.85153751905089,34.80556421446384,97.9,26.9,51.0,17.0,61.2,73.7,9.2,15.57,9.2,24.12,0.352,ns,ns,57.68,45.54,69.33,0.95,ns,ns,72.41,58.69,84.53,0.302,ns,ns,7.21,3.12,13.74,0.016,ns,ns
216,Sissala East Municipal,Upper West,10.59705475,-1.85050542952138,Municipal,2,80619,11.29748963272422,28.8,44.3,45.86139743732867,16.52960220295464,47.99578700046586,38.76009377442042,97.9,26.9,51.0,17.0,61.2,73.7,9.2,17.95,11.99,24.64,0.634,ns,ns,60.94,51.44,69.73,0.999,HH,hotspot,73.66,63.27,83.03,0.32,LL,coldspot,9.55,5.25,15.66,0.048,ns,ns
217,Sissala West,Upper West,10.7467085,-2.29346951572635,District,1,63828,11.063947244530318,32.3,46.1,49.8448956570784,12.477282697248857,40.30189687416511,41.358024691358025,97.9,26.9,51.0,17.0,61.2,73.7,9.2,18.3,11.41,27.05,0.622,ns,ns,62.62,52.21,72.16,0.996,ns,hotspot,74.95,63.72,84.05,0.444,ns,ns,10.41,5.01,18.52,0.102,ns,ns
218,Wa East,Upper West,10.06069,-2.50192,District,1,91457,11.423624195449497,48.7,45.3,58.19784160862482,31.3644663612408,44.659095126749065,41.08050777961228,97.9,26.9,51.0,17.0,61.2,73.7,9.2,18.62,11.21,27.99,0.636,ns,ns,65.26,54.07,75.62,0.998,ns,hotspot,77.04,64.96,87.25,0.584,ns,ns,12.14,5.71,22.34,0.244,ns,ns
219,Wa Municipal,Upper West,10.0623261,-2.5054273,Municipal,2,200672,12.209427013342747,16.5,43.4,27.150773401371392,10.886919948971457,42.85242552930064,35.10853532132036,97.9,26.9,51.0,17.0,61.2,73.7,9.2,15.3,9.36,22.81,0.312,ns,ns,55.2,44.36,65.75,0.904,ns,hotspot,73.0,60.68,83.31,0.31,ns,ns,8.34,3.88,15.26,0.037,ns,ns
220,Wa West,Upper West,9.8985772,-2.6832633,District,1,96957,11.482022860230412,61.9,48.7,56.69936157265592,30.873479996287013,32.63863305440064,41.2079581670225,97.9,26.9,51.0,17.0,61.2,73.7,9.2,19.77,12.6,28.7,0.758,ns,ns,67.3,56.72,76.71,1.0,ns,hotspot,73.87,61.39,84.65,0.377,ns,ns,11.88,5.74,20.81,0.205,ns,ns
221,Adaklu,Volta,6.4470511,0.6286474,District,1,38649,10.562276180459634,33.2,43.6,28.61652306657352,27.027866180237524,49.71965632689282,35.856037672384794,88.4,67.7,72.0,14.0,51.3,76.0,10.7,13.99,8.37,21.45,0.2,ns,ns,50.98,41.12,61.2,0.712,ns,ns,79.27,69.87,87.15,0.773,ns,ns,11.69,6.13,19.52,0.182,ns,ns
222,Afadzato South,Volta,7.0222497,0.561946,District,1,73146,11.200212722793202,32.5,43.7,19.27514833347005,28.94348289721926,46.24074385728711,35.01216744593006,88.4,67.7,72.0,14.0,51.3,76.0,10.7,13.9,9.09,20.19,0.164,ns,ns,49.38,40.11,58.23,0.624,ns,ns,75.28,64.09,84.38,0.468,ns,ns,11.01,6.05,17.79,0.104,ns,ns
223,Agortime-Ziope,Volta,6.42618935,0.732357165932429,District,1,39553,10.585396823669267,25.7,43.4,30.26571941445655,25.666826789371225,58.26795759825495,33.93421485095947,88.4,67.7,72.0,14.0,51.3,76.0,10.7,13.06,7.58,20.51,0.137,ns,ns,49.94,39.11,61.23,0.643,ns,ns,79.29,68.05,88.23,0.755,ns,ns,10.88,5.3,19.26,0.144,ns,ns
224,Akatsi North,Volta,6.3108306,0.876439062223793,District,1,32755,10.396810901165976,39.3,44.4,35.48771179972523,51.1189131430316,50.08686669483965,34.98091894367272,88.4,67.7,72.0,14.0,51.3,76.0,10.7,14.72,8.81,22.82,0.254,ns,ns,54.96,44.28,65.48,0.904,ns,ns,78.9,69.14,87.39,0.728,ns,ns,12.8,6.54,21.67,0.28,ns,ns
225,Akatsi South Municipal,Volta,8.25846,0.508747,District,1,92133,11.43098846425599,30.1,44.5,29.127457045792497,31.446929981656957,47.186247174698494,34.21141176342896,88.4,67.7,72.0,14.0,51.3,76.0,10.7,13.66,9.15,19.32,0.122,ns,ns,51.05,42.83,59.1,0.768,ns,ns,75.79,68.11,83.12,0.492,ns,ns,10.71,6.52,16.23,0.064,ns,ns
226,Anloga,Volta,5.7936484,0.8984702,District,1,94895,11.46052629617102,31.6,45.9,30.8256494019706,43.92222983297329,43.055883417528285,33.038621634438066,88.4,67.7,72.0,14.0,51.3,76.0,10.7,14.57,9.1,21.82,0.245,ns,ns,55.06,44.96,65.18,0.916,ns,ns,74.74,63.03,84.78,0.428,ns,ns,11.74,6.2,19.24,0.191,ns,ns
227,Central Tongu,Volta,6.16884364999999,0.611561745917151,District,1,83284,11.330011732875084,36.0,44.4,35.01392824552135,31.613515200998997,46.48413074372336,36.63248643196773,88.4,67.7,72.0,14.0,51.3,76.0,10.7,15.04,8.91,23.12,0.29,ns,ns,53.83,43.48,64.29,0.868,ns,ns,79.08,68.9,87.47,0.744,ns,ns,12.78,6.64,21.57,0.286,ns,ns
228,Ho Municipal,Volta,6.6126598,0.4688932,Municipal,2,180142,12.101500707751956,12.5,42.1,10.56277825271175,13.459382043054925,47.495321777031656,27.91408999567008,88.4,67.7,72.0,14.0,51.3,76.0,10.7,11.09,6.19,17.98,0.048,ns,ns,42.57,31.62,53.94,0.174,ns,ns,76.2,62.73,86.45,0.544,ns,ns,7.98,3.63,14.53,0.024,ns,ns
229,Ho West,Volta,6.590707,0.46714,District,1,83172,11.328666031705986,27.9,42.7,18.87894964651565,30.911845332563843,50.271763185383215,32.08892415716828,88.4,67.7,72.0,14.0,51.3,76.0,10.7,12.48,7.26,19.85,0.094,ns,ns,47.29,37.42,57.94,0.444,ns,ns,78.05,66.86,86.88,0.677,ns,ns,10.76,5.59,18.52,0.126,ns,ns
230,Hohoe Municipal,Volta,7.153187,0.477735,Municipal,2,114472,11.64808553058657,18.8,42.8,16.05370745684534,19.340974212034386,48.82742347774792,33.35924942343979,88.4,67.7,72.0,14.0,51.3,76.0,10.7,13.44,8.46,19.78,0.132,ns,ns,46.55,36.29,56.61,0.412,ns,ns,74.2,60.95,84.5,0.407,ns,ns,9.29,4.75,15.41,0.043,ns,ns
231,Keta Municipal,Volta,5.9215688,0.9910728,Municipal,2,78862,11.275454768509972,25.2,45.0,25.128705840582285,27.29197839263524,42.29738842011263,30.421495777434,88.4,67.7,72.0,14.0,51.3,76.0,10.7,13.94,8.33,21.08,0.206,ns,ns,52.22,41.02,62.59,0.789,ns,ns,73.28,61.68,83.31,0.322,ns,ns,8.99,4.41,15.43,0.04,ns,ns
232,Ketu North Municipal,Volta,6.192057,0.981151401381816,Municipal,2,114993,11.652626535927542,27.2,44.3,31.57148696007583,38.01883592914351,50.6577548633996,34.55601645317541,88.4,67.7,72.0,14.0,51.3,76.0,10.7,15.24,8.86,23.7,0.322,ns,ns,54.11,42.86,65.27,0.859,ns,ns,75.92,63.56,85.85,0.53,ns,ns,10.75,5.25,18.64,0.131,ns,ns
233,Ketu South Municipal,Volta,6.07748514999999,1.0706219725046,Municipal,2,253122,12.441626864920854,25.6,45.4,30.05744265611049,47.85794992138178,46.97529895483507,37.06394544923002,88.4,67.7,72.0,14.0,51.3,76.0,10.7,16.56,9.78,25.49,0.448,ns,ns,55.81,44.03,67.37,0.912,ns,ns,74.21,59.69,85.45,0.408,ns,ns,11.43,5.37,20.28,0.181,ns,ns
234,Kpando Municipal,Volta,7.0000115,0.318327973849328,Municipal,2,58552,10.977670527281065,23.4,43.4,18.77305642847384,19.73630277360295,46.17164179104478,31.34307965569067,88.4,67.7,72.0,14.0,51.3,76.0,10.7,12.87,7.91,19.26,0.104,ns,ns,46.75,36.44,56.77,0.414,ns,ns,74.67,63.32,84.25,0.428,ns,ns,8.74,4.51,14.71,0.027,ns,ns
235,North Dayi,Volta,6.91384645,0.22267318926127,District,1,39268,10.578165216812412,30.1,43.6,19.326168890699808,22.858307018437404,46.19440961722841,30.941224406641545,88.4,67.7,72.0,14.0,51.3,76.0,10.7,11.89,6.76,18.83,0.07,ns,ns,46.3,35.86,57.36,0.388,ns,ns,76.01,64.41,85.55,0.532,ns,ns,9.04,4.6,15.76,0.042,ns,ns
236,North Tongu,Volta,6.14399495,0.297188924896433,District,1,111410,11.620972369053362,38.4,45.4,30.73512252042007,40.9074589354636,47.96981415214129,37.79373485324477,88.4,67.7,72.0,14.0,51.3,76.0,10.7,16.01,9.79,23.98,0.379,ns,ns,54.58,44.35,64.72,0.892,ns,ns,77.05,64.39,86.91,0.591,ns,ns,14.29,7.58,23.76,0.421,ns,ns
237,South Dayi,Volta,6.5449087,0.240546020283373,District,1,57518,10.959853221275816,29.0,44.3,21.276817691852987,20.92910045550958,43.12598013591218,33.48169268750652,88.4,67.7,72.0,14.0,51.3,76.0,10.7,12.63,7.07,19.88,0.108,ns,ns,47.75,36.84,58.88,0.476,ns,ns,76.51,64.19,86.54,0.564,ns,ns,9.87,4.98,17.11,0.086,ns,ns
238,South Tongu,Volta,5.96577275,0.641061228110148,District,1,113114,11.636151438705287,32.4,45.2,28.695828986686,34.33969269940061,46.58162494679171,35.61628092013367,88.4,67.7,72.0,14.0,51.3,76.0,10.7,15.25,9.55,22.76,0.3,ns,ns,54.19,44.52,64.11,0.888,ns,ns,76.36,65.05,85.58,0.55,ns,ns,12.9,6.86,21.5,0.283,ns,ns
239,Ahanta West Municipal,Western,4.8514282,-1.98665461803006,Municipal,2,153140,11.939107814667114,27.2,44.7,24.98759305210918,46.2981585477341,50.98621247325916,36.20412694266684,94.3,72.6,65.4,14.0,46.1,75.0,6.6,14.74,9.77,20.91,0.231,ns,ns,47.69,39.14,56.02,0.48,ns,ns,72.34,63.31,80.11,0.202,ns,ns,5.83,3.04,10.19,0.0,LL,coldspot
240,Effia Kwesimintsim Municipal,Western,4.96766095,-1.80360599719917,Municipal,2,173975,12.066666889713051,9.3,42.5,8.98404943238971,23.31829285816928,52.36263917254101,30.20146572783446,94.3,72.6,65.4,14.0,46.1,75.0,6.6,11.75,7.37,17.34,0.042,ns,ns,39.89,31.18,49.19,0.046,ns,ns,71.45,60.03,81.1,0.21,ns,ns,4.39,2.04,7.9,0.0,LL,coldspot
241,Ellembelle,Western,5.14952214999999,-2.42142536190491,District,1,120893,11.70266113583651,33.3,42.8,26.28026436600961,30.29290364206364,45.55233972799221,35.408998039588724,94.3,72.6,65.4,14.0,46.1,75.0,6.6,13.76,9.11,19.77,0.14,ns,ns,46.59,37.05,55.85,0.396,ns,ns,78.02,67.49,86.62,0.668,ns,ns,6.84,3.38,12.3,0.004,LL,coldspot
242,Jomoro Municipal,Western,5.199616,-2.61473434715296,Municipal,2,126576,11.748598197261176,31.2,43.7,28.70291366451776,31.74693464795854,49.35267277516044,36.10874099355328,94.3,72.6,65.4,14.0,46.1,75.0,6.6,14.21,9.81,19.74,0.15,ns,ns,47.51,39.48,55.39,0.467,ns,ns,76.85,69.5,83.24,0.598,ns,ns,6.67,3.79,11.14,0.002,ns,coldspot
243,Mpohor,Western,4.9705877,-1.8927971,District,1,52028,10.859537314183632,31.4,44.3,26.276235872991467,48.47389866994696,52.053472181594806,34.29307296071346,94.3,72.6,65.4,14.0,46.1,75.0,6.6,13.67,8.8,20.06,0.143,ns,ns,47.44,37.9,57.53,0.469,ns,ns,74.09,61.89,84.4,0.392,ns,ns,6.49,3.11,11.75,0.003,LL,coldspot
244,Nzema East Municipal,Western,5.08576495,-2.22263416898707,Municipal,2,94621,11.457634717719442,38.2,43.0,34.41096585324611,49.09058242884772,54.429772306063015,36.13257099375403,94.3,72.6,65.4,14.0,46.1,75.0,6.6,15.08,10.07,21.23,0.282,ns,ns,49.13,40.72,57.73,0.611,ns,ns,76.75,68.43,83.65,0.602,ns,ns,6.86,3.59,11.94,0.004,LL,coldspot
245,Prestea/Huni Valley Municipal,Western,5.44481979999999,-2.04050432321944,Municipal,2,229301,12.342790829935485,29.5,43.8,25.739094029245404,48.87200666373021,50.19570405727924,36.04476212489261,94.3,72.6,65.4,14.0,46.1,75.0,6.6,15.63,11.05,21.08,0.322,ns,ns,49.03,41.03,56.54,0.624,ns,ns,75.57,68.42,82.24,0.466,ns,ns,7.83,4.41,12.55,0.004,ns,ns
246,"Sekondi Takoradi Metropolitan Area (STMA)- Takoradi, Sekondi & Essikado-Ketan",Western,4.95328,-1.73308,Metropolitan,3,245382,12.41057145893548,10.1,42.6,9.649852067388808,20.05729841634676,49.6273896298368,30.05721691077585,94.3,72.6,65.4,14.0,46.1,75.0,6.6,12.36,7.56,19.09,0.084,ns,ns,39.92,29.69,51.09,0.078,ns,ns,69.87,53.34,83.34,0.226,ns,ns,4.16,1.72,8.23,0.0,LL,coldspot
247,Shama,Western,5.0606463,-1.64288365568687,District,1,117224,11.67184191331786,22.0,44.4,20.930014331536203,30.40162424076981,51.4047628663355,36.63157715143657,94.3,72.6,65.4,14.0,46.1,75.0,6.6,14.52,9.69,20.72,0.212,ns,ns,46.25,37.51,55.99,0.358,ns,ns,73.77,61.75,84.49,0.37,ns,ns,7.31,3.85,12.59,0.007,ns,coldspot
248,Tarkwa-Nsuaem Municipal,Western,5.310935,-1.992426,Municipal,2,219109,12.297324601873644,18.2,43.5,17.815333920560086,28.3826771150432,50.30105334692491,32.84164502599163,94.3,72.6,65.4,14.0,46.1,75.0,6.6,13.82,9.73,18.98,0.111,ns,ns,44.92,37.78,52.24,0.216,ns,ns,74.35,67.93,80.29,0.305,ns,ns,6.28,3.52,10.29,0.0,ns,ns
249,Wassa Amenfi Central,Western,5.7890318,-2.0839856,District,1,117999,11.67843142883562,37.6,43.0,34.11469588725328,47.02327985830389,53.4706908913811,37.35624878176934,94.3,72.6,65.4,14.0,46.1,75.0,6.6,15.2,10.46,20.71,0.269,ns,ns,48.76,39.91,57.78,0.569,ns,ns,78.11,68.35,86.8,0.674,ns,ns,9.66,5.31,15.83,0.046,ns,ns
250,Wassa Amenfi East Municipal,Western,5.87660585,-1.98975398510416,Municipal,2,179696,12.099021813202818,35.5,44.4,32.213850057875526,45.96652123586502,46.91931892267181,34.273996082272284,94.3,72.6,65.4,14.0,46.1,75.0,6.6,15.08,10.89,19.97,0.229,ns,ns,48.92,41.96,56.09,0.614,ns,ns,74.26,66.51,81.21,0.311,ns,ns,7.62,4.5,12.07,0.004,ns,ns
251,Wassa Amenfi West Municipal,Western,5.7735167,-2.5321498,Municipal,2,131000,11.782952602183288,24.9,42.0,29.92595419847328,27.83435114503817,57.278858533243564,35.37175572519084,94.3,72.6,65.4,14.0,46.1,75.0,6.6,13.35,9.25,18.73,0.086,ns,ns,45.37,37.56,53.23,0.276,ns,ns,78.71,70.76,85.17,0.774,ns,ns,6.82,3.77,11.09,0.002,ns,ns
252,Wassa East,Western,5.3622378,-1.62070954561049,District,1,99641,11.509329005455823,38.0,42.0,31.67370861392399,53.395690528999104,60.43537853745062,37.76156401481318,94.3,72.6,65.4,14.0,46.1,75.0,6.6,15.21,10.13,21.86,0.284,ns,ns,47.95,38.33,58.24,0.496,ns,ns,78.79,67.59,88.22,0.708,ns,ns,9.86,5.15,16.62,0.072,ns,ns
253,Aowin Municipal,Western North,5.69311555,-2.7557437678514,Municipal,2,133257,11.80003487348131,37.1,41.9,38.74092918195667,33.74982177296502,56.8955167665164,36.24274897378749,83.4,51.7,47.8,11.0,45.1,79.7,14.1,11.74,5.76,20.07,0.098,ns,ns,47.74,35.6,59.37,0.503,ns,ns,79.79,67.92,88.84,0.774,ns,ns,12.97,6.58,22.18,0.294,ns,ns
254,Bia East,Western North,6.817878,-3.00681786775424,District,1,53073,10.879423603336724,32.9,41.5,42.62619410999943,43.88860625930322,61.81265542967671,38.62981176869594,83.4,51.7,47.8,11.0,45.1,79.7,14.1,12.44,6.65,20.44,0.122,ns,ns,44.93,33.69,56.36,0.309,ns,ns,82.54,72.68,90.67,0.905,ns,ns,17.28,9.47,28.16,0.689,ns,ns
255,Bia West,Western North,6.56894165,-3.06628883975843,District,1,115881,11.660319081462896,24.5,41.3,10.34768426230357,7.135768590191662,53.17509976501342,37.93719419059207,83.4,51.7,47.8,11.0,45.1,79.7,14.1,11.22,5.04,20.97,0.102,ns,ns,39.68,26.08,54.4,0.138,ns,ns,79.42,62.95,90.98,0.711,ns,ns,15.93,7.01,28.57,0.544,ns,ns
256,Bibiani Anhwiaso Bekwai Municipal,Western North,6.29602085,-2.23398871855776,Municipal,2,167971,12.031546624437397,25.8,41.9,13.4892332605033,8.897964529591418,50.704732367845374,35.501366307279234,83.4,51.7,47.8,11.0,45.1,79.7,14.1,11.77,6.46,18.86,0.074,ns,ns,40.43,29.56,51.49,0.098,ns,ns,74.87,62.24,85.2,0.451,ns,ns,12.32,6.55,20.36,0.24,ns,ns
257,Bodi,Western North,6.24012575,-2.87347603617418,District,1,65748,11.093584531326416,18.6,41.7,58.55235140232403,37.75628155989536,55.58679852257834,36.17296343615015,83.4,51.7,47.8,11.0,45.1,79.7,14.1,11.34,4.82,21.46,0.114,ns,ns,51.64,36.41,65.69,0.685,ns,ns,83.1,68.89,93.08,0.866,ns,ns,16.98,7.48,31.61,0.606,ns,ns
258,Juaboso,Western North,6.3415722,-2.8235416,District,1,88814,11.394299574211256,18.9,42.3,44.93323124732587,34.31103204449749,51.36346982570616,35.46400342288378,83.4,51.7,47.8,11.0,45.1,79.7,14.1,11.02,4.98,20.28,0.094,ns,ns,49.62,35.98,63.16,0.594,ns,ns,81.22,68.44,90.86,0.82,ns,ns,15.83,7.58,27.83,0.553,ns,ns
259,Sefwi Akontombra,Western North,6.0425529,-2.8760069,District,1,66689,11.107795300762092,24.5,42.2,44.27716714900508,27.02394697776245,59.910870450679255,37.41546581895065,83.4,51.7,47.8,11.0,45.1,79.7,14.1,11.32,5.09,20.68,0.106,ns,ns,49.5,35.57,62.95,0.592,ns,ns,81.86,69.72,91.15,0.84,ns,ns,16.01,7.3,28.49,0.566,ns,ns
260,Sefwi Wiawso Municipal,Western North,6.30540429999999,-2.51755838219394,Municipal,2,151220,11.926491009112262,33.3,42.4,28.078296521624125,24.679275228144427,52.68073787551143,34.863774632985056,83.4,51.7,47.8,11.0,45.1,79.7,14.1,11.57,5.91,19.26,0.076,ns,ns,43.94,32.93,55.08,0.245,ns,ns,77.48,66.55,86.12,0.631,ns,ns,12.89,6.55,21.03,0.286,ns,ns
261,Suaman,Western North,6.10824159999999,-3.00869712063798,District,1,38268,10.55236931679806,37.5,41.3,50.342322567157936,58.98923382460541,48.20545289066519,33.96310233092924,83.4,51.7,47.8,11.0,45.1,79.7,14.1,11.11,4.49,21.64,0.112,ns,ns,51.56,35.02,67.54,0.653,ns,ns,82.26,64.44,93.6,0.808,ns,ns,17.72,7.1,34.22,0.633,ns,ns
