district_id,district,shap_poverty_incidence,shap_poverty_intensity,shap_illiteracy_rate,shap_nhis_uninsured_rate,shap_employment_rate,shap_under15_share,shap_urbanicity,shap_improved_water_pct,shap_improved_sanitation_pct,shap_log_pop,val_poverty_incidence,val_poverty_intensity,val_illiteracy_rate,val_nhis_uninsured_rate,val_employment_rate,val_under15_share,val_urbanicity,val_improved_water_pct,val_improved_sanitation_pct,val_log_pop
1,Asunafo North Municipal,-0.512701,-1.5315219,-2.1600366,-0.87257665,-0.41919288,-0.40128765,-0.0148122385,-4.285442,-3.2051957,0.03573786,26.1,42.0,26.32191355167992,14.236602361527986,53.1759687606252,35.83347657644554,2,83.3,54.2,11.926742267056309
2,Asunafo South,-0.6157712,-0.9544376,-0.5405032,0.2874995,-0.6358683,-0.015557433,0.0037464227,-3.9169197,-3.1868622,-0.081837445,26.2,42.7,28.8931543302106,47.49544676256639,56.48513139695712,36.91993936287394,1,83.3,54.2,11.426201319452964
3,Asutifi North,-0.40050143,-0.63619524,-2.0631506,-0.75554353,-0.44638544,-0.26375225,0.0008086753,-4.4103684,-3.1884248,0.00874533,26.6,43.1,25.55060090271358,17.297025395616945,51.40601978530836,35.40975583229104,1,83.3,54.2,11.205802299860744
4,Asutifi South,-1.1363853,-1.3536974,-0.5175094,-0.71251637,-0.23644543,0.08619489,-0.0007495722,-3.947477,-3.2393398,-0.1929522,23.2,42.4,29.25862120177028,21.67255769744854,50.879343674855015,37.00359402382155,1,83.3,54.2,11.117420588656316
5,Tano North Municipal,-1.1595788,-1.4623249,-2.5828156,-0.90088457,-0.35072875,-0.20905693,-0.021315772,-4.038315,-3.0958667,-0.08994638,21.6,42.3,23.449988277670027,14.104094290159637,51.50472633148212,34.950659647477565,2,83.3,54.2,11.44932517022726
6,Tano South Municipal,-0.7990818,-0.9254354,-1.505371,-0.5849908,-0.3589022,-0.013358699,-0.0115424935,-4.0796075,-3.304639,0.01641601,23.7,42.6,27.90582717355068,20.452011173826577,52.58395590048597,36.60347860074262,2,83.3,54.2,11.373536952861308
7,Adansi Asokwa,1.2425895,-0.3650576,-0.8462553,0.49642384,-0.085329294,0.72698736,0.0036813861,0.6054461,-4.622633,0.17958257,32.4,43.3,28.261232670786704,50.14893380101331,51.88596104697277,36.82423027671065,1,96.8,84.7,11.182252380713352
8,Adansi North,-0.9796657,-0.30616245,-2.0117824,0.22432025,0.3231943,-0.20909053,0.014805417,0.61243373,-5.2136536,-0.30424663,19.7,42.8,18.15714153817745,27.633644169513435,48.48240142570729,33.68664019942757,1,96.8,84.7,10.899605584269835
9,Adansi South,1.2649653,-0.34323293,-1.1022274,0.3843963,-0.23478717,0.718118,0.0036813861,0.5958546,-4.347452,0.20395993,35.0,43.2,27.070422535211268,46.093896713615024,54.97467673413354,36.73356807511737,1,96.8,84.7,11.352756712817406
10,Afigya Kwabre North,0.7750838,1.0611982,-2.0656786,0.06075347,0.27293113,1.2574936,0.0007436387,0.5757985,-4.8643517,0.08624887,25.2,43.7,23.97927178508114,30.1200054547934,48.214809963641294,39.614073366971226,1,96.8,84.7,11.202725081087843
11,Afigya Kwabre South,-1.5605681,-0.2262851,-2.9277349,0.069884636,0.005426113,0.91863066,0.004244921,0.38102835,-5.2751827,0.24157342,13.0,43.3,13.424980930424814,24.97112930237315,50.70324486168278,36.950231604784655,1,96.8,84.7,12.365922766925609
12,Ahafo Ano North Municipal,0.20794466,-2.3589373,-1.8577502,-0.07651274,-0.43681616,0.4187736,-0.031355813,0.44948828,-4.6227474,-0.079714775,26.5,41.2,24.91643484074098,30.63768303465528,56.881374401934245,36.67270492333571,2,96.8,84.7,11.437576723380374
13,Ahafo Ano South East,0.86395663,-0.77245486,1.9300703,-0.13635118,-0.14506987,0.96703607,0.0008133324,0.2757017,-4.9343925,0.10857665,31.8,42.5,32.23514211886305,32.33755593369887,53.70530000261213,39.68141425600302,1,96.8,84.7,11.05829112085398
14,Ahafo Ano South West,0.8947729,-1.7638305,1.8250982,-0.0037394953,-0.3957965,0.6206994,0.003694836,0.17071883,-4.897406,0.08257714,31.9,41.8,31.427702599969592,37.518625513151896,55.605555690691055,37.49277786224722,1,96.8,84.7,11.093919086295395
15,Akrofuom,1.040249,1.2775697,0.90828717,0.1035179,-0.053737618,0.16278875,0.0007746713,0.32333612,-4.7237897,-0.5108614,37.0,44.2,30.03388042441825,42.83946359375951,50.68867924528302,35.48517985027693,1,96.8,84.7,10.805496787584511
16,Amansie Central,0.869523,-0.383498,0.83837926,0.021106603,-0.4527239,0.12743784,0.0008133324,0.29551968,-4.67054,-0.058482677,28.6,43.3,29.44160254481365,33.994970554098785,55.37051083336082,34.8256888621416,1,96.8,84.7,11.440913755659937
17,Amansie South,0.9853451,1.3353705,1.3244036,0.39480722,-0.2758372,-0.4123951,0.0010151288,0.31138355,-4.770095,-0.005973844,30.3,44.4,30.172771861605764,48.13839423799214,54.39064178570008,33.36662100658389,1,96.8,84.7,11.636513839214846
18,Amansie West,1.0716853,1.8338032,-0.7895209,0.27707863,0.7213518,0.53470683,0.003642725,0.59985554,-4.5253487,-0.2460509,31.0,44.7,26.99707885320572,43.01810400703207,47.78673158174544,36.53564420609623,1,96.8,84.7,11.631836752799584
19,Asante Akim Central Municipal,-1.11079,-0.5497193,-2.0998359,0.018271556,0.30576503,0.21006969,-0.021380808,0.60724074,-5.103792,-0.050861653,16.9,42.6,17.219901170464585,19.683003719743,48.865993064888094,34.25217894036412,2,96.8,84.7,11.425983176503022
20,Asante Akim North Municipal,0.6681902,-1.3100446,-2.2746263,0.03651995,-0.0951153,-0.117976606,-0.008143367,0.589557,-4.7814875,0.17919004,26.0,42.1,23.84685805497524,33.99920189666909,52.868779883123786,33.72221309358935,2,96.8,84.7,11.352780186720295
21,Asante Akim South Municipal,0.22676395,-1.1352593,-1.4364859,0.012688555,-0.41686147,0.8840709,-0.014777243,0.54128367,-4.511557,-0.0319347,24.6,42.2,25.618564622714,32.611843116320074,56.16243785912583,37.35895755987479,2,96.8,84.7,11.725072778661424
22,Asokore Mampong Municipal,-2.129715,-0.55471784,-2.2727265,-0.10430793,-0.12711458,-0.37623808,-0.01958908,0.44272462,-5.5482297,0.0780531,11.3,42.7,19.35089497497414,20.275127741611897,51.48465570608639,32.820973657537536,2,96.8,84.7,12.16213120726719
23,Asokwa Municipal,-2.2673,-1.8918096,-3.1110806,-0.29225865,-0.23743363,-0.9681998,-0.026653334,0.3206282,-5.7063684,-0.0863009,6.3,41.4,10.732080036930324,14.247624202098024,55.92959295929593,31.269002403654827,2,96.8,84.7,11.74119187202318
24,Atwima Kwanwoma,-1.6137419,-0.24375269,-3.3455598,0.035368416,0.08274838,0.65940917,0.004244921,0.32079846,-5.3325295,0.16757944,13.8,43.3,13.568040332813844,26.15288316598963,50.00733842130544,36.17264079439292,1,96.8,84.7,12.366685259161914
25,Atwima Mponua,0.4357077,-1.1323559,-0.27367678,0.040910743,-0.5621489,0.91157305,0.001014919,0.32410955,-4.5585647,0.08842375,25.1,42.4,29.223723704381207,24.13271155654605,56.49586537366879,37.76456645239414,1,96.8,84.7,11.952817764359146
26,Atwima Nwabiagya North,-1.3856559,-0.24868155,-2.2218301,-0.30125868,0.31656834,0.680793,0.015653543,0.4345027,-5.1447363,0.14787123,13.5,43.1,15.73681664247702,21.41332043218836,49.07483199434086,36.16835994194485,1,96.8,84.7,11.951341673218078
27,Atwima Nwabiagya South Municipal,-1.6377215,-0.31076676,-3.254244,-0.024278414,-0.06603824,0.31192958,-0.021196766,0.35914236,-5.384166,0.09034105,12.5,43.0,13.833828516365749,23.43584960436832,51.59721034528628,34.990394890452336,2,96.8,84.7,11.994690902165216
28,Bekwai Municipal,-0.8553544,0.95262706,-1.9220438,0.22359054,0.3235257,0.26291382,-0.021380808,0.57853603,-5.2138114,0.012994406,19.4,43.6,17.872389774366333,27.697927765335187,48.97144065062359,34.85181238991933,2,96.8,84.7,11.834769805108316
29,Bosome Freho,1.2077246,-1.9180088,-0.9444859,0.61159885,-0.7724663,0.94108135,0.011842611,0.42735028,-4.648571,0.21323694,31.3,41.0,28.545270563292053,49.05154274883952,59.49929808142255,38.21616151881656,1,96.8,84.7,11.03905838218977
30,Bosomtwi,-1.0853628,1.0152817,-3.1240325,0.22189401,0.121322036,0.5521149,0.015566303,0.42328888,-5.251237,0.10643183,16.1,43.8,13.871534084029545,28.312749727569923,49.9090478446234,36.10001210800339,1,96.8,84.7,12.014791067364708
31,Ejisu Municipal,-1.457826,0.85798895,-2.9521093,-0.48551354,0.043229997,0.31243205,-0.021179222,0.35755,-5.431579,0.1199884,13.5,43.6,14.908451054929367,21.68788698726781,49.43983262468786,34.41011935392839,2,96.8,84.7,12.104720751269706
32,Ejura Sekyedumase Municipal,0.538437,-1.0343698,2.417625,-0.050083756,-0.07871631,1.1323993,-0.014777243,0.27610904,-4.8305044,0.026284654,25.0,42.2,35.88166075890523,33.57618106804579,53.15494966341564,39.89845429717008,2,96.8,84.7,11.832629323444747
33,Juaben Municipal,-0.8722875,-0.32070303,-2.013346,0.06801249,-0.051721595,1.1247164,-0.021311114,0.6480788,-4.9399667,0.19809225,20.9,43.1,21.971249354752928,30.42281280795883,52.885261402941246,37.13807505201083,2,96.8,84.7,11.065528371529878
34,"Kumasi Metropolitan Area (KMA)-Bantama, Manhyia North, Manhyia South, Nhyiaeso, & Subin",-2.2860436,-0.9752799,-3.22848,-0.24833739,-0.058997642,-1.9795659,0.045082092,0.31223834,-5.811244,0.3197769,8.9,42.3,10.821385531991575,22.551667436281523,51.74692750258728,28.391805291195983,3,96.8,84.7,13.003455959867486
35,Kwabre East,-2.1975968,-0.24116462,-2.953876,0.061046813,-0.09147353,0.6442612,-0.015419634,0.3857756,-5.4248953,0.29944393,10.6,43.3,12.887195347928332,24.40585686658985,52.75067228089454,36.22908622908623,2,96.8,84.7,12.600860958974222
36,Kwadaso Municipal,-2.3033764,-1.0474703,-3.442975,-0.42962962,0.204243,-1.9351295,-0.03119994,0.32644808,-5.7440104,0.14293902,9.5,42.4,8.426413677957107,21.67272821402224,48.85546588407924,29.435823097731127,2,96.8,84.7,11.948117645951283
37,Mampong Municipal,-0.5215366,-0.60401404,-2.0486312,0.08612386,0.5881752,0.26737228,-0.018146131,0.6169245,-4.9836116,0.026445182,22.5,42.6,20.66928458742026,29.79371013101036,46.44249449130996,34.24017422319775,2,96.8,84.7,11.666778957784658
38,Obuasi East,-1.4074847,-0.48121518,-2.3326342,0.02524766,0.3058708,0.29561448,-0.021380808,0.5166755,-5.230338,-0.0637998,13.1,42.7,15.482516422982435,17.398080107358144,48.7128875729912,34.20525751885802,2,96.8,84.7,11.433893080082036
39,Obuasi Municipal,-2.1346164,-0.3171352,-2.876907,0.13492906,0.017566347,-0.5257008,-0.015738264,0.50379884,-5.597849,0.5468789,11.1,42.8,12.315790482947737,19.659242355964217,50.909501113962605,32.003796849382056,2,96.8,84.7,11.55499787739207
40,Offinso Municipal,-0.33409116,-0.3307242,-1.5480759,0.047626037,0.40124747,1.1208926,-0.011677224,0.58370364,-4.743128,0.019487761,23.5,42.8,24.84629057637392,30.81181887056356,48.888475490652034,37.34483361501253,2,96.8,84.7,11.829719637965455
41,Offinso North,0.9396855,-1.8739634,2.1287575,-0.12126191,-0.35336316,1.022465,0.003694836,0.15363204,-5.0284452,0.13240598,34.3,41.5,37.38974113135187,33.47315436241611,56.20717732806387,39.65364333652924,1,96.8,84.7,11.331883089674657
42,Oforikrom Municipal,-2.3191848,-0.3917534,-3.3648145,-0.0783111,0.3559056,-2.9587097,-0.027913835,0.27918524,-5.8160934,0.26777816,10.0,42.8,10.1015361804754,23.01314715238873,40.19256619462941,24.952844796036143,2,96.8,84.7,12.26963881909102
43,Old Tafo Municipal,-2.2498503,-0.32259366,-3.003936,0.06488219,-0.20696451,-0.36335966,-0.01566857,0.45900083,-5.573409,0.04288081,9.2,42.9,11.7270565193061,24.64762870733072,54.68754029866144,32.19606883044208,2,96.8,84.7,11.6471765985191
44,Sekyere Afram Plains,3.41182,-1.4910942,6.0085373,0.8540093,-0.19792435,1.797785,0.008575486,0.26952386,-5.066226,-0.370839,50.5,40.8,51.70348522241618,63.40215493890327,57.62352067080614,43.28838861132848,1,96.8,84.7,10.411087980946425
45,Sekyere Central,2.071038,-1.0197719,2.1843174,0.75470024,-0.038852688,0.69395274,0.0055426583,0.34122944,-4.8280745,0.14600182,39.8,42.4,33.018790626536294,52.34200032774349,52.28326048279043,37.82842628502758,1,96.8,84.7,11.201333140470906
46,Sekyere East,-1.1583707,-0.64934194,-2.1004515,-0.0053285286,0.083720624,0.26093516,0.0154519575,0.5590128,-5.1179585,0.13892007,17.3,42.5,17.21376138202142,23.58501918731364,49.25828970331588,35.64294214389817,1,96.8,84.7,11.22242609432483
47,Sekyere Kumawu,-0.043510534,-0.33111128,-2.0477953,0.118805304,0.15474138,0.79333204,-0.00081460876,0.6192363,-4.7839026,0.21844356,23.9,42.9,20.327349524815205,35.775514007081185,49.55032647529875,36.9758991241692,1,96.8,84.7,11.072806798362183
48,Sekyere South,-0.57645917,-0.31718767,-1.9436582,0.10191432,0.45482087,0.2764507,-0.00081460876,0.6020716,-5.0136805,-0.04892283,22.6,42.8,17.737099836770046,26.93127685798994,47.18409600082404,35.31929777807389,1,96.8,84.7,11.6958801546266
49,Suame Municipal,-2.2298121,-0.5213461,-2.9737,0.014998082,-0.41298017,-0.36631942,-0.015701188,0.3837124,-5.569336,-0.018188877,8.7,42.7,10.34411915767848,23.688458434221147,56.51286061870003,32.449922958397536,2,96.8,84.7,11.82254024742156
50,Banda,0.9924326,0.5061204,2.7674956,-0.014807529,0.3923365,0.19629505,0.0008086753,-0.19204275,-2.87104,-0.41312435,35.7,43.7,41.633840803435184,23.59203662301714,43.5878678746272,36.9353064338692,1,92.2,71.3,10.246332298662626
51,Berekum East Municipal,-1.4344213,-1.9293015,-2.9010713,-0.815658,0.13082546,-0.4751357,-0.02239757,-0.0018203282,-3.0978706,-0.27469075,12.6,41.7,14.74136957421978,11.526371268305535,48.64898570003326,32.078454993788355,2,92.2,71.3,11.573568910138915
52,Berekum West,-1.4747574,-2.0841475,-2.3784933,-0.64754397,-0.042160675,-0.19297878,0.017751956,-0.04777395,-3.2561083,-0.6058692,14.8,41.6,22.903525796538897,12.485848293708557,49.35413931047119,33.7962962962963,1,92.2,71.3,10.809000411238404
53,Dormaa Central Municipal,-1.6939416,-1.9874043,-2.334719,-0.5060474,-0.15861815,-0.25385398,-0.022327876,-0.009314977,-3.1381688,-0.059736654,15.8,41.7,22.177068729924933,17.33598338982449,52.87408697982979,33.794431332185766,2,92.2,71.3,11.632502446099332
54,Dormaa East,-1.0431631,-1.9980961,-1.9772569,-0.80099696,-0.023388917,-0.27370065,0.018398497,0.028006988,-3.1422412,-0.12381695,19.5,41.7,24.6822486340005,13.63937613219635,50.34462760143651,33.97399078042387,1,92.2,71.3,11.125776585897835
55,Dormaa West,-1.12656,-2.1832466,0.70721257,-0.6506364,-0.7157639,0.5105147,0.0041397535,-0.21121189,-2.9366772,-0.8674068,23.2,40.8,30.102477406966795,20.33894767599608,58.7653829568448,37.0797069688811,1,92.2,71.3,10.77714214532442
56,Jaman North,-1.2260938,-1.2014154,-0.9717588,-0.8000793,0.41208076,0.15042378,0.015516994,-0.030462066,-3.0414782,-0.03210374,14.5,42.4,26.40801860481082,7.06347776090072,48.17472490830277,35.65979284126698,1,92.2,71.3,11.665895448049325
57,Jaman South,-1.5824931,-1.3215795,-1.3485867,-0.95108396,-0.06465029,0.15170537,-0.023987712,-0.013539599,-3.0490088,-0.2513429,15.6,42.1,26.345565192041395,8.824065301362875,50.56332062685303,35.472997594927484,2,92.2,71.3,11.60612432660101
58,Sunyani Municipal,-2.120215,-1.9451247,-3.1916463,-0.6699042,0.19918087,-0.80324984,-0.021242637,0.01976029,-3.1520975,0.33051097,10.9,41.5,14.46628270358222,11.18055734910509,48.74267532213538,31.33035460626565,2,92.2,71.3,12.173523627044824
59,Sunyani West Municipal,-1.1950799,-0.4611181,-2.1413956,-0.5081318,0.4739087,-0.50558895,-0.01972563,-0.021906937,-2.9310591,-0.03531007,17.6,43.1,20.8275131963947,15.605563805854937,44.22230155896703,32.0455514549117,2,92.2,71.3,11.820571916341573
60,Tain,-1.164762,-1.4901836,2.2901816,-0.10126083,-0.10950739,0.2661976,0.018468192,-0.23487096,-3.2170167,-0.011588401,21.5,41.9,36.54558355254049,19.055447874844248,53.33042921902013,36.43655683234113,1,92.2,71.3,11.657614380290628
61,Wenchi Municipal,-0.8984801,-1.0423106,2.1251993,-0.19199076,0.09928791,0.5295692,-0.014284128,-0.25787008,-3.1369169,-0.091425054,23.6,42.2,33.76456820404303,20.25601564629122,49.35715200409784,37.40681960275093,2,92.2,71.3,11.73413113981415
62,Atebubu Amantin Municipal,0.5834135,-1.3472391,4.144269,0.21095599,-0.19587484,0.9934805,-0.03155362,1.2627746,-0.14530112,0.04562441,28.8,41.5,40.99084492952596,25.492766321483025,55.01666435217331,40.38372646553568,2,86.4,57.2,11.884123437343623
63,Kintampo North Municipal,0.62850654,-0.08194779,3.749244,-0.49947283,0.46139726,0.5217428,-0.028851341,1.1346995,-0.42919743,0.095886685,28.1,43.4,40.52263814616756,21.59643493761141,46.616979154535926,38.77361853832442,2,86.4,57.2,11.851181823384945
64,Kintampo South,-0.09466239,-1.1373429,4.1336584,-0.023668708,-0.16264966,0.63063747,0.0109232,1.197861,-0.53868943,-0.001161066,26.0,42.3,40.51751448225923,18.54860608254888,53.53183929529767,38.86110608254888,1,86.4,57.2,11.389446236768965
65,Nkoranza North,0.02763447,-1.5192167,2.8725612,-0.13886066,-0.16684103,0.23138027,0.021172957,1.2649235,-0.48781833,-0.29437277,25.8,41.4,34.745342494864346,17.748105121484734,53.12720399469631,37.226393709711694,1,86.4,57.2,10.94142938500409
66,Nkoranza South Municipal,-0.91198254,-1.5646529,1.4951978,-0.4491828,-0.19889621,0.069778465,-0.040659405,1.383685,-0.53280455,-0.010036633,18.0,41.6,29.96196856300483,14.689206399050958,53.19491899041111,36.686380209696274,2,86.4,57.2,11.64956950826753
67,Pru East,0.79171634,-1.3060101,5.3810296,0.33304983,-0.10437869,1.3699492,0.021172957,1.3034837,-0.043112934,0.45643473,30.3,41.2,43.863546211820704,28.239785799286,54.7411498536066,40.38873462911543,1,86.4,57.2,11.521290381301856
68,Pru West,1.1536629,-1.413456,6.0793204,0.16414839,-0.19866577,0.88808095,0.016044559,1.2150458,-0.10663483,0.0014270601,38.3,40.8,47.33743912918934,41.2202807218562,56.02716468590832,40.10455456889144,1,86.4,57.2,11.153675780659029
69,Sene East,3.1622348,-0.981157,6.6049023,0.32280242,-0.045556113,1.4276507,0.016747225,1.2565812,-0.61300844,0.22987935,49.5,41.5,49.89525672507318,43.63424480792442,56.42758184867414,42.921158141535216,1,86.4,57.2,11.1855457656599
70,Sene West,0.87916183,-1.1660603,6.159916,0.10900634,-0.74323356,0.79367894,0.021474684,1.2617143,-0.012123346,0.07493698,26.8,41.0,47.627810110692685,20.325516375670432,61.33210428041315,39.64823690516946,1,86.4,57.2,11.157735132735686
71,Techiman Municipal,-1.2559488,-1.6493357,-2.5022407,-0.37483752,-0.24833035,0.08352232,-0.050476164,1.3154675,-0.482156,0.64463603,9.8,41.4,23.614358805761604,11.530605954753735,56.722189362284,35.3841412045123,2,86.4,57.2,12.402194373748076
72,Techiman North,-0.4982801,-1.4047717,-1.3460138,-0.34638476,-0.19445212,0.103234634,0.02851302,1.2806529,-0.4321627,0.50637966,15.0,41.8,26.8753230793239,14.989905295087244,51.93748014101769,35.53921329575047,1,86.4,57.2,11.53790096437362
73,Abura Asebu Kwamankese,0.86127126,1.3422412,-1.0796052,0.047550593,0.022945812,0.18313822,0.0008397079,0.07674137,-2.915365,-0.08598361,28.0,44.1,26.917607359498653,35.53529104567549,49.43146084375236,36.12501506447596,1,91.8,72.0,11.731779830866008
74,Agona East,0.53579676,0.96546733,-1.9432436,0.5718388,0.12064585,0.051075775,0.003676729,0.115495354,-2.8323383,0.05175922,25.9,43.6,22.748056003325324,53.91587335381247,50.582736151310186,34.49821061062279,1,91.8,72.0,11.49920172375042
75,Agona West Municipal,-0.83042586,1.0476209,-1.9757942,0.13645138,-0.10837352,-0.2614013,-0.019655935,0.03707445,-2.917445,-0.021147048,21.0,43.7,19.48978172205991,36.45410012521143,51.89589929724304,33.62842226273898,2,91.8,72.0,11.824585260393338
76,Ajumako Enyan Essiam,1.0297953,0.78731567,-1.7396438,0.25295132,0.13074954,0.17897467,0.0008086753,0.102777585,-2.9084637,-0.09185986,29.6,43.5,24.17942381370972,40.739389315509264,49.92018687950166,36.09954721111904,1,91.8,72.0,11.700118470301204
77,Asikuma Odoben Brakwa,0.83790475,-1.1502136,-1.4919561,0.13781066,-0.25942704,0.38936508,0.00087836897,0.079339,-2.7013245,-0.088224955,29.0,42.3,25.36281527328278,36.64138968289591,54.36739081522962,37.00282692746844,1,91.8,72.0,11.751887245811432
78,Assin Central Municipal,-0.9656731,-0.3531203,-2.5923083,0.13197832,-0.15772001,0.15489015,-0.021246077,0.08661079,-2.6946013,-0.034114435,18.1,42.8,14.640631865965094,34.52503013982626,54.49962364556164,35.63372505718117,2,91.8,72.0,11.393612509583262
79,Assin North,1.0069782,-1.3291321,-1.1177192,0.47040865,-0.5853395,0.2737986,0.0045393948,0.09187721,-2.7923179,0.19177735,31.9,42.0,27.50841207365376,47.19576850966613,57.9930308132023,36.5748271023976,1,91.8,72.0,11.296496818137651
80,Assin South,1.0103518,-1.8477488,-1.555916,0.061677746,-0.20024276,0.6513513,0.0037598726,0.104025856,-2.848263,0.17660181,27.4,41.7,25.666305014387472,36.29605170055192,54.43967877349881,37.97065899334874,1,91.8,72.0,11.571147202170351
81,Awutu Senya West,-0.5587239,1.6828233,-1.1276696,0.5539665,-0.28170326,0.70933497,0.009601999,0.15295455,-2.791589,0.097951,22.5,44.5,25.30038399603617,57.32751145794624,54.784705683052486,37.84776415211198,1,91.8,72.0,11.992012712949007
82,Awutu Senya East Municipal,-2.0683618,-0.3869206,-2.8030474,0.12748832,-0.17899951,-0.1785493,-0.012756489,0.10481884,-2.8231544,0.3713214,10.6,42.9,10.351460932578522,41.96645626080743,54.0087240446916,33.703974599094394,2,91.8,72.0,12.37381764530267
83,Cape Cape Metropolitan Area (CCMA)-Cape Coast South & Cape Coast North,-1.4881607,1.4684458,-2.9603398,0.195609,-0.12816212,-1.6272916,0.045169298,0.076144725,-2.9141655,0.15082511,12.9,44.3,10.94601446374723,27.516345101806635,50.95584631047095,29.22637632428682,3,91.8,72.0,12.14081386506812
84,Effutu Municipal,-0.9137232,1.4452313,-2.0986173,0.06656266,0.36022273,-2.707804,-0.030296255,0.0739788,-2.8346474,-0.24336088,21.7,44.2,18.589178062049697,29.94136891633584,34.245041188621485,26.14872812821644,2,91.8,72.0,11.59741366141542
85,Ekumfi,0.8346307,2.1125093,2.2603962,0.7233065,0.3925296,0.52017665,0.0037077616,-0.13488247,-3.1464458,-0.047912296,31.5,45.6,32.58842812075924,59.33980719409246,48.20505578308149,37.60243915334591,1,91.8,72.0,10.946252332458506
86,Gomoa Central,-0.6817076,1.551867,-1.8252703,0.38164094,-0.18628053,0.3831825,0.03032524,0.06102365,-2.828118,0.18566039,18.8,44.1,21.229659046881054,45.72597830298334,54.03702996755106,36.56770631538164,1,91.8,72.0,11.32166810251834
87,Gomoa East,-1.3771538,0.93987453,-2.9891148,0.37871933,-0.08793862,0.35818925,0.021247163,0.1321936,-2.9569688,0.51757455,14.4,43.7,13.997544517763371,44.49962260728157,51.598744494507166,36.011687836292545,1,91.8,72.0,12.640115492270043
88,Gomoa West,0.80679744,1.366479,1.5052159,0.5223675,-0.13142839,0.21309774,0.0037077616,-0.1635379,-3.060353,-0.10845164,28.3,44.4,30.44119463833467,50.4679103094694,50.95402818691863,36.83133609240843,1,91.8,72.0,11.77152881992134
89,Komenda Edina Eguafo Abirem Municipal,0.55977625,1.62105,-1.1895802,0.28405705,-4.557852e-05,0.15437493,-0.017442714,0.14454047,-2.8265321,0.07138603,25.1,44.2,26.05636772137793,45.29777071022847,50.05744853176621,36.04148972695568,2,91.8,72.0,12.019845471733726
90,Mfantsiman Municipal,0.17821084,2.098621,-1.8345945,0.26304355,0.35723218,0.100359365,-0.010338984,0.08845785,-2.6924002,0.16250943,24.0,44.8,23.384150854030374,39.69272668067849,48.78033111853456,35.48799621088778,2,91.8,72.0,12.037091705673292
91,Twifo Ati Morkwa,1.0414302,-0.648653,-0.97337425,0.3889418,-0.05658307,0.5610381,0.003676729,0.14515051,-3.0027947,0.3130661,34.1,42.7,27.21638853357924,44.01443713993912,50.71260617112146,38.01053038641164,1,91.8,72.0,11.521399459049608
92,Twifo Heman Lower Denkyira,1.1042521,-1.1780472,-1.4465878,0.65949017,-0.20646136,0.39330724,0.0037464227,0.120842814,-2.6990814,0.077067494,32.1,42.4,25.881195611048053,55.39311388573591,54.28290672035279,36.85357548240636,1,91.8,72.0,11.09854573947249
93,Upper Denkyira East Municipal,0.37646905,1.1908442,-1.9161661,0.26841915,0.07362764,0.011783244,-0.012109961,0.06435318,-2.7863543,-0.22048804,24.3,43.8,21.20826940013256,27.902415994044,49.19539904241154,35.90579348289919,2,91.8,72.0,11.609516642128806
94,Upper Denkyira West,0.18621765,0.9322883,-0.7680532,0.5105888,-0.36282957,0.04484934,0.0037464227,0.14940105,-2.8410127,-0.06320901,24.5,43.6,28.16478989288657,48.34276297720407,56.35545937172421,35.02224663553969,1,91.8,72.0,11.418889473043636
95,Abuakwa North Municipal,-1.770083,-0.38579386,-3.206211,-0.49770793,0.23386128,-0.7439937,-0.019812869,-0.51816714,-5.681036,0.044666752,15.7,42.9,14.474703064505546,20.35172911608373,48.31757160191837,31.86035829122645,2,88.7,74.7,11.24105112272396
96,Abuakwa South Municipal,-1.0886276,0.12475538,-2.2822273,-0.5671334,0.23266079,-0.6826979,-0.01972563,-0.6643661,-5.5873017,-0.11165041,21.1,43.4,19.44391416154788,21.97504800619869,48.706242995583096,31.863763461387293,2,88.7,74.7,11.396964518301022
97,Achiase,0.8463906,1.577769,-1.1615205,-0.09474842,0.34697065,0.10094368,0.0008397079,-0.6591869,-5.0591726,-0.42699605,29.9,44.6,25.70455029459785,31.7562291474409,48.12958604457982,35.90721942216228,1,88.7,74.7,10.939302026380195
98,Akwapim North Municipal,-1.1254275,-0.3200289,-3.145737,-0.5060831,0.42410466,-1.4653234,-0.028245412,-0.5652998,-5.627899,0.30436417,20.1,43.2,14.526895503964298,21.467027488961687,41.62750903115408,30.082134548734743,2,88.7,74.7,11.564711138119458
99,Akwapim South Municipal,-1.0290596,0.6879748,-2.5275972,0.03009736,0.2327309,-0.8500145,-0.01972563,-0.6407836,-5.7106695,0.12654145,19.4,43.5,15.167312342372794,30.65832921660904,48.10223761820054,30.572528015392216,2,88.7,74.7,11.250547200404736
100,Akyemansa,-0.7347916,-1.1386428,-0.94466,0.06580787,-0.38020992,0.46174264,-0.0006798785,-0.7002034,-5.1627703,-0.07879561,23.6,42.4,27.67635492871109,26.480151145675432,56.40370268029842,36.39579076869,1,88.7,74.7,11.419032280753296
101,Asene Manso Akroso,0.49548018,-0.7314563,-2.2579618,0.05728109,-0.10318684,0.088670984,0.00087836897,-0.6767242,-5.0028186,0.13613868,25.7,42.5,24.11288033239568,30.1904565279104,52.68968568383373,35.83447314769413,1,88.7,74.7,11.258007408556834
102,Asuogyaman,-1.0846348,-0.33744973,-2.0937705,-0.40286243,0.24992816,-0.36194095,0.0047445064,-0.63517445,-5.4726253,0.43759376,21.8,43.1,18.66556055937426,21.40218851228569,48.31516789564911,32.76645334597456,1,88.7,74.7,11.525407242472284
103,Atiwa East,-1.1623085,-1.2035751,-2.402372,-0.12238042,-0.23379017,0.15250479,0.015586688,-0.75847393,-5.337274,0.16927777,18.4,42.4,20.065896329296024,17.864711432858446,54.14296731900125,35.8175940105496,1,88.7,74.7,11.076696979411022
104,Atiwa West,-1.0380814,-0.7366457,-2.1617842,0.054512717,-0.38256747,0.21809484,0.015586688,-0.7030378,-5.323385,0.14539279,18.9,42.5,20.46096800013068,29.78813766967772,57.238092824009534,35.557588330420295,1,88.7,74.7,11.022212877834797
105,Ayensuano,0.86164963,-0.49679473,-1.072932,0.30666363,-0.5607394,0.38903043,0.0037464227,-0.6313633,-4.89573,-0.10088006,29.1,42.9,27.37911495443685,46.5092923441233,57.30165577197465,36.2813709114743,1,88.7,74.7,11.457349328081376
106,Birim Central Municipal,-2.0955362,-1.4866152,-3.0818696,-0.43867764,0.22227582,-0.79264843,-0.018345168,-0.48927534,-5.857329,0.08662182,11.9,41.9,13.03635553458625,12.184477471101674,48.60021535148439,31.839270268145004,2,88.7,74.7,11.242454429248802
107,Birim North,-1.1494422,-0.6363808,-2.2567718,-0.40752205,-0.23826472,0.18762341,0.015586688,-0.72141606,-5.272453,0.115642175,18.3,42.6,21.30060845056793,17.158789872866492,54.28174200578665,35.615526981093275,1,88.7,74.7,11.32259996188712
108,Birim South,0.23241451,0.8613725,-2.216272,0.025337495,0.092023745,-0.06547844,0.0008086753,-0.66426635,-5.2987046,-0.5688273,24.9,43.6,20.435294777584563,29.40483536209121,49.35804778505229,34.027037639535536,1,88.7,74.7,10.481616621511806
109,Denkyembuor,-1.1584144,-1.2467057,-2.4469135,-0.50394845,0.45205405,-0.36017847,0.014870453,-0.710955,-5.49442,0.07782016,18.1,42.3,19.865245556868192,12.956159368549509,46.58379089010904,32.85126380973399,1,88.7,74.7,11.251937253307664
110,Fanteakwa North,0.9095311,-1.4925599,-0.98315847,-0.074748665,-0.6140471,0.103067644,0.0037598726,-0.6407609,-5.148484,-0.1830801,28.9,41.9,28.56440942671136,30.994788285047463,57.75834055459272,35.199255970659976,1,88.7,74.7,10.95057845062929
111,Fanteakwa South,-1.1527,-1.8817719,-2.206047,0.053196244,-0.26338592,-0.43177316,0.01782165,-0.57217807,-5.564554,-0.31583473,21.7,41.7,17.873485375407256,24.61470878939854,55.10047427145873,33.23388366218838,1,88.7,74.7,10.908411678551898
112,Kwaebibirem Municipal,-1.0114585,-0.35981387,-2.177967,-0.12622471,-0.14821383,0.20057118,-0.021246077,-0.68547136,-5.3111734,-0.112103865,19.6,42.9,20.38242206116781,20.01594110010025,53.203756388630126,34.72530362043748,2,88.7,74.7,11.709297844986844
113,Kwahu Afram Plains North,2.284875,-1.3170823,3.1743195,0.2556093,-1.3432009,0.4464014,0.006400667,-0.7943507,-5.4545345,-0.061010167,48.5,41.9,42.225227255653216,48.10457516339869,60.740830701967454,38.1413868229284,1,88.7,74.7,11.10578395248112
114,Kwahu Afram Plains South,0.9936345,-1.5904797,2.7658067,0.22459641,-1.858944,0.86657333,0.004390914,-0.75077635,-5.140332,0.17074904,39.1,41.6,40.55025539850274,44.69473798005459,62.10081055941888,38.98273019648118,1,88.7,74.7,11.21184739884811
115,Kwahu East,1.0994045,-1.4747597,-2.350891,-0.038028512,-0.077580534,-0.26520452,0.0009928888,-0.6447319,-5.1832123,0.1556535,29.4,42.0,23.8792018246856,31.29634938242369,51.3214205270666,33.598394675507585,1,88.7,74.7,11.292690180545192
116,Kwahu South Municipal,1.1284604,0.04293607,-2.2398822,0.20185308,0.16768333,0.15741423,-0.012109961,-0.69667375,-5.1241345,0.13915305,28.8,43.4,23.70289664500132,28.579479280159298,49.49420990770536,35.00519717974728,2,88.7,74.7,11.287917677046268
117,Kwahu West Municipal,-1.561228,-1.5766189,-2.5280893,-0.3705988,-0.23741922,0.2023007,-0.02401805,-0.4701943,-5.317962,0.109021716,15.1,41.9,16.509086908388287,16.517338357549043,54.70279776521935,35.87730095097952,2,88.7,74.7,11.887443273987763
118,Lower Manya Krobo Municipal,-1.1046892,-0.017274503,-2.2439249,-0.40613908,0.55893964,-1.1329634,-0.01972563,-0.6365088,-5.6312675,0.0013766155,19.8,43.4,19.843412748565846,20.48847343843609,42.841159358842994,30.31621104810052,2,88.7,74.7,11.710537852208022
119,New Juaben North Municipal,-2.1536589,-1.7643782,-3.3506687,-0.48922986,0.2724813,-2.1852098,-0.03208053,-0.38303554,-5.9543324,-0.13561846,10.6,41.7,9.87307813697642,11.264033545245503,45.62447835467158,28.42215609360205,2,88.7,74.7,11.3931955353451
120,New Juaben South Municipal,-2.1295779,-1.9617035,-3.4826574,-0.4397988,-0.10665648,-2.4691184,-0.040360734,-0.29871395,-5.903951,-0.081458196,8.5,41.1,9.1104585289153,12.523412028580015,51.5358977624931,27.384558466483224,2,88.7,74.7,11.77329543446048
121,Nsawam Adoagyiri Municipal,-1.320601,0.16319752,-2.2932053,0.17907651,-0.09235662,-0.2562628,-0.018413763,-0.31914976,-5.6028967,0.3403587,13.0,43.4,15.54335880511835,29.26148961740908,53.35275286245782,33.14845401903636,2,88.7,74.7,11.955024610334908
122,Okere,-0.25980678,-1.2867395,-2.3389218,-0.030602328,-0.13741687,-0.35238934,-0.003377169,-0.6851666,-5.3581934,-0.70529866,24.0,42.4,21.53265602322206,35.074987905176584,52.21775941283556,33.02951136913401,1,88.7,74.7,10.852729384549969
123,Suhum Municipal,-1.2453902,-1.458223,-2.2983148,0.1327558,-0.54693353,-0.25224704,-0.022327876,-0.6472523,-5.431683,-0.03080125,17.6,42.0,18.91489917169688,28.54758194030205,58.58245915529937,33.70964296733464,2,88.7,74.7,11.747230494590458
124,Upper Manya Krobo,0.8194804,-2.221578,1.8166401,-0.10057317,-1.6004455,-0.09005766,0.0056980015,-0.80363065,-5.30742,-0.0036991064,32.7,40.5,35.31269472610888,38.15073925111879,63.99344973334218,36.00379538888574,1,88.7,74.7,11.164955380709172
125,Upper West Akim,0.86157256,0.941788,-0.74006826,0.43976092,-0.40920183,0.52178323,0.0037464227,-0.6023345,-5.0155964,-0.029072028,29.7,43.7,28.33237702780241,49.22330603515727,55.39498401608279,36.68979187314172,1,88.7,74.7,11.47059191195415
126,West Akim Municipal,-0.536602,-0.38417932,-2.0847018,0.22424836,-0.11136942,0.20058806,-0.0115424935,-0.69569093,-5.2380347,-0.0069172564,23.7,43.0,23.19405851411868,28.110740051495146,52.346457919538885,34.542534478802864,2,88.7,74.7,11.67573285285988
127,Yilo Krobo Municipal,-1.1052727,-1.3487328,-2.309213,0.056107085,-0.35167274,-0.26638678,-0.022327876,-0.66238683,-5.372415,-0.07366797,21.5,42.1,21.138417294400234,29.417964345822643,55.33583738400353,33.44008889034134,2,88.7,74.7,11.715033309057585
128,Ablekuma Central Municipal,-2.2580094,2.1089818,-3.1907146,0.03794005,-0.52003706,-2.2147176,-0.031271167,-0.03546401,-5.7081647,0.11710532,9.4,45.2,11.918767921014512,36.52723994206154,59.22092879766361,28.13562328179964,2,98.5,91.4,12.038511614209444
129,Ablekuma North Municipal,-2.295512,-0.41564175,-3.3434951,-0.03291349,-0.4804039,-2.229877,-0.032537,0.02680772,-5.589829,0.119150326,8.3,42.9,7.149138234259585,36.66147429777398,60.44426205174326,28.064544495251496,2,98.5,91.4,11.977966802386147
130,Ablekuma West Municipal,-2.3312545,-0.3776822,-3.2920287,0.02713164,-0.30487052,-1.5810683,-0.027349085,0.04952263,-5.617704,0.06712401,8.9,43.0,8.151019610398071,39.41429409082025,57.22249061652235,29.874258909375204,2,98.5,91.4,11.941390697307456
131,"Accra Metropolitan Area (AMA)-Ablekuma South, Ashiedu Keteke & Okaikoi South",-2.187576,1.0335519,-2.4765933,-0.024359033,-0.43793848,-2.6780412,0.019113595,-0.028031508,-5.6861625,0.27073306,11.1,43.9,16.656859099557035,38.04156723719029,58.84671078845836,25.705332548727963,3,98.5,91.4,12.531761954785916
132,Ada East,1.0834765,1.3389288,1.1908158,0.41051155,0.6013195,0.5997756,0.015648056,0.18615183,-4.5042453,0.21414532,28.2,44.2,29.294211566397507,42.9074347934198,48.74330449114132,36.47511483948646,1,98.5,91.4,11.243881943848214
133,Ada West,2.1533153,1.448503,2.1933086,0.7719035,0.2532357,1.5036635,0.017509326,-0.028703129,-4.7611613,0.17422399,40.1,44.7,33.127866784076126,59.261108993652,50.10203628942816,40.74940528605412,1,98.5,91.4,11.239632701398955
134,Adentan Municipal,-2.364058,-1.5825118,-3.418862,-0.057925355,-0.24580736,-1.9951253,-0.033571444,-0.09320262,-5.8529725,0.25338224,8.3,41.8,7.127092803350742,37.46085099503329,56.92840828542175,28.392569114677915,2,98.5,91.4,12.491142559264054
135,Ashaiman Municipal,-2.2539165,-0.3027003,-2.9111588,-0.06984552,-0.8997575,-1.1687222,-0.016941512,0.052453026,-5.655709,0.22601742,7.5,43.3,11.317889070460444,35.07209458809959,62.140681613486514,30.092761703354803,2,98.5,91.4,12.245581778624889
136,Ayawaso Central Municipal,-2.3904576,-0.43195075,-3.3850596,0.33237728,-0.19732487,-2.688458,-0.033720452,0.11376446,-5.60264,-0.04602816,12.2,42.8,9.117271778215985,43.81267728907214,55.95358872869125,26.202402168067405,2,98.5,91.4,11.459851639008296
137,Ayawaso East Municipal,-1.7678499,1.3534204,-2.375297,0.022537548,0.07760904,-2.8871858,-0.03533961,0.12978399,-5.58492,-0.6311238,15.4,44.0,19.02686589691344,38.87442457173044,48.2810788251865,27.669609840766736,2,98.5,91.4,10.878122661384529
138,Ayawaso North Municipal,-1.7603533,0.9280352,-3.4915392,-0.033514507,0.065439686,-2.979021,-0.036127523,0.02503574,-5.7453365,0.052941438,13.9,43.8,14.264979648502823,33.99173319029439,49.80358111774281,27.310447101883696,2,98.5,91.4,11.056998295851676
139,Ayawaso West Municipal,-2.4222968,-1.9758772,-3.5812736,-0.123489,0.18001612,-3.0170624,-0.03547527,-0.008760982,-5.865534,0.04733712,9.3,41.6,5.412798958872821,35.09820325883431,45.38674621777115,18.981979469609445,2,98.5,91.4,11.229275253631815
140,Ga Central Municipal,-2.3325143,-0.5899231,-3.1709716,0.2719296,-0.55389833,-0.96094584,-0.01960098,0.052806534,-5.5790076,0.2840476,8.3,42.6,6.997519805437165,43.67610585374076,58.66682801182429,30.35348792410123,2,98.5,91.4,12.71358879903568
141,Ga East Municipal,-2.391929,-1.6037184,-3.5001247,-0.050743144,-0.16906343,-2.0776424,-0.033821747,-0.09435427,-5.8454485,0.27123463,10.1,41.8,6.671277688184375,37.32492527674951,54.46028793827926,28.280500672244592,2,98.5,91.4,12.554540503281446
142,Ga North Municipal,-2.3402157,-1.0502453,-3.4076066,-0.005896259,-0.14821379,-0.9651784,-0.01719181,0.06927195,-5.729326,0.11718652,10.5,42.3,8.040222362001257,36.699930299372696,53.171780865442194,30.443023987215884,2,98.5,91.4,12.368582574987448
143,Ga South Municipal,-1.7188505,1.2953857,-3.266046,0.3550523,-0.30828363,0.19612943,-0.025517413,0.067476444,-5.354122,0.14619751,15.8,44.1,14.278206677120195,51.14032006077899,54.78203752764215,34.775406216707935,2,98.5,91.4,12.766034088005895
144,Ga West Municipal,-2.2328043,-0.27416646,-3.0624056,0.0018514735,-0.23391677,0.3084838,-0.018781954,0.040676795,-5.475107,0.20602809,10.5,43.3,11.32965742811781,39.29824784679557,54.388979439545984,35.191648716667885,2,98.5,91.4,12.658100041107035
145,Korle Klottey Municipal,-2.3735726,-0.029454252,-3.350807,-0.042178653,-0.20005974,-2.9174006,-0.031060982,0.070129074,-5.7070174,-0.113095164,10.6,43.4,9.198199117042822,34.318767939620884,55.76628710098936,21.9471682718226,2,98.5,91.4,11.136528747609413
146,Kpone Katamanso Municipal,-2.2441764,-0.31982902,-3.0591512,0.01739597,-0.32689938,-0.020636704,-0.018781954,0.02330209,-5.521387,0.17689364,10.5,43.1,9.259546348600386,37.8562016142316,55.65982426183375,33.89353435328999,2,98.5,91.4,12.930786320306542
147,Krowor Municipal,-2.4130764,-0.972795,-3.4568405,0.2789488,-0.044274405,-2.5899475,-0.03574838,0.0956675,-5.654947,0.0013209012,12.4,42.4,7.136464072944928,43.14393197773613,52.21651845349414,26.71663916314715,2,98.5,91.4,11.870683821805205
148,La Dade-Kotopon Municipal,-2.3297837,-0.4248176,-3.3930614,-0.038113445,-0.36398524,-2.7551386,-0.031060982,0.04438749,-5.59506,-0.03310919,8.9,43.1,5.467546911538242,37.067244624422514,57.82109777351323,27.18445217589688,2,98.5,91.4,11.851281640149963
149,La Nkwantanang Madina Municipal,-2.3684247,-0.49279812,-3.48981,-0.06901396,-0.064002946,-2.2159812,-0.031149805,0.022260213,-5.7361193,0.17393975,11.3,42.7,7.713458689871669,35.27317367059708,52.962062103168336,28.29898938652002,2,98.5,91.4,12.304817828042728
150,Ledzokuku Municipal,-2.3616736,-0.34970397,-3.4791815,-0.034393124,-0.113274835,-2.5543463,-0.031149805,-0.0071628806,-5.8088326,0.18517295,11.3,43.3,8.547932849832494,37.7604646025844,53.67445885242356,27.674594116997387,2,98.5,91.4,12.289052573806348
151,Ningo-Prampram,-0.7664779,1.4648321,-1.9232979,0.36479574,-0.1361414,0.24225688,-0.021548033,0.28384337,-5.1062045,0.18521897,19.4,44.0,17.40288166978546,45.17156635218129,53.51961150541651,34.603000884337455,2,98.5,91.4,12.229168862607802
152,Okaikoi North Municipal,-2.357882,-0.9480204,-3.491008,-0.07941395,-0.092660174,-2.6177342,-0.032787293,0.01320298,-5.7159524,0.100699656,11.1,42.4,7.9590641087967295,33.87993468207372,53.7582962956668,26.65881355720928,2,98.5,91.4,11.98571271634255
153,Shai-Osudoku,-0.30550852,1.624914,-1.8759453,0.21982811,0.28119192,0.24435848,0.011221754,0.37827787,-5.007489,0.32592693,23.5,44.2,21.545308209449864,28.738755799640185,48.697519845588985,34.75333775210681,1,98.5,91.4,11.56750834274052
154,Tema Metropolitan Area (TMA)-Tema Central & Tema East,-2.3378372,0.92868364,-3.2058263,0.2105907,-0.23034133,-2.0335124,0.044005394,0.058114864,-5.752616,0.07174035,11.6,43.8,11.34709502905544,45.188946324802,55.54337124698839,28.402695794697813,3,98.5,91.4,12.069645636079322
155,Tema West Municipal,-2.3624873,-1.1906093,-3.4212222,0.03841756,-0.17641854,-2.4531765,-0.03520894,-0.012750285,-5.682772,0.122118905,8.2,42.0,5.490154109589041,39.21334801043705,57.462076930661,27.634743966079583,2,98.5,91.4,12.187012142791431
156,Weija Gbawe Municipal,-2.2499003,-0.40549603,-3.2579026,0.01130482,-0.49076065,-0.8506923,-0.01719181,0.05809866,-5.5772233,0.15986231,8.7,42.9,7.822196430075722,39.68522141205762,58.07246347139474,31.424038488538613,2,98.5,91.4,12.272206768018588
157,Bunkpurugu Nakpanduri,-0.82842815,1.8235322,2.2541583,-0.6467018,0.7314826,0.18279469,0.008112717,-1.3619465,8.897545,0.14155644,38.3,45.5,38.5633132647116,10.712031462419889,32.89701786166462,37.683288017090696,1,59.3,21.9,11.319146522285925
158,Chereponi,2.2433658,0.58929753,4.284382,0.21482159,0.42162666,1.3659402,0.023854245,-1.4583187,10.168782,-0.14209177,53.8,44.2,56.30563457832431,37.277461686702765,40.08937262189187,48.14627879232816,1,59.3,21.9,11.375684342656722
159,East Mamprusi Municipal,2.50215,1.4358451,4.2493367,-0.3490227,0.49069905,1.3414154,-0.1851077,-1.3524157,10.167795,-0.06453485,54.7,47.4,52.28184206887014,16.82286735529717,26.67137199545152,45.74002957352425,2,59.3,21.9,12.144229156196436
160,Mamprugu Moagduri,1.9190712,-0.8136851,4.918199,0.3531437,-1.0064893,1.2462779,0.026687942,-1.478425,9.763072,0.039140444,44.5,42.4,58.87324353416926,62.55345765571815,58.3074303321891,46.18305065021965,1,59.3,21.9,11.138173832018008
161,West Mamprusi Municipal,1.3171113,1.1819712,3.830149,-0.4002673,0.5527346,1.1395216,-0.1851077,-1.3857383,9.334112,-0.011655825,41.5,45.8,46.80492731358994,15.36001820716338,32.06088897078394,44.4192199368439,2,59.3,21.9,12.076846258770365
162,Yunyoo Nasuan,3.0174074,1.5524602,4.3320007,0.18897372,0.41103014,1.4311633,0.023854245,-1.2486736,10.415102,0.28825936,56.9,47.0,58.01613952425324,33.07371789236801,35.59125085440875,48.5574640904376,1,59.3,21.9,10.948681483450564
163,Gushegu Municipal,2.432251,0.89652336,4.894475,0.33542937,0.58757365,1.807525,-0.18784016,-0.8891671,14.211859,0.11089549,51.5,44.3,59.790212061182736,48.12457376676517,46.51711467801199,49.62166726204008,2,72.0,29.9,11.944480582838134
164,Karaga,2.498156,1.6698548,4.8918614,0.24310489,0.6887318,1.7670714,0.026649281,-0.85018003,14.493623,-0.009406025,50.5,46.5,60.84044648719632,43.8695557014664,42.963608045418766,47.72510396147953,1,72.0,29.9,11.645925466431471
165,Kpandai,2.3265846,-1.0171173,5.2000966,0.30574957,-1.3603355,1.4318281,0.027480915,-1.0640103,13.586886,-0.13777225,48.6,42.1,51.02327018611395,53.62601316821564,58.56181880108992,44.170568800361295,1,72.0,29.9,11.745726234877472
166,Kumbungu,1.8770621,1.6658397,4.598882,0.28587344,0.77935815,1.6494079,0.023854245,-0.8282755,14.544822,-0.121030696,45.0,46.4,50.7089505000633,35.690774600763206,33.26694549558521,45.51570723238023,1,72.0,29.9,11.613548777779677
167,Mion,2.3699107,0.88803893,4.9568763,0.11983609,0.4798785,1.7544125,0.023781229,-0.8878114,14.466841,-0.10465538,53.4,44.5,60.724744548614765,42.37543453070683,47.80832615791265,47.39386916675445,1,72.0,29.9,11.460895056875843
168,Nanton,1.3326455,1.7928208,4.786247,0.28418437,0.5579738,1.6406955,0.023781229,-0.69106615,14.052737,-0.33104408,39.9,45.3,55.03969113794394,38.78897709141766,44.70899470899471,46.390371698150375,1,72.0,29.9,10.83500181618177
169,Nanumba North Municipal,2.088357,-1.3131174,5.249122,0.20130283,-0.1944422,1.6177154,-0.20511541,-0.95630527,13.888291,0.06345657,41.5,41.4,53.02416790332839,43.8626245495018,53.94829275049719,46.43364426542294,2,72.0,29.9,12.147807737398198
170,Nanumba South,2.4731688,-1.0367476,5.411884,0.22129472,-0.311481,1.7343546,0.026687942,-1.0238488,14.139769,-0.26103455,46.3,42.3,54.983360595634274,43.46832872694456,55.16390295628645,48.58048019252825,1,72.0,29.9,11.574716465126436
171,Saboba,1.7515774,1.5751723,4.0506077,-0.6232567,0.535452,1.3794717,0.023781229,-0.95475423,14.42299,-0.120650426,46.0,45.3,45.89843545875443,21.53256064295643,43.90052356020942,44.10710366522789,1,72.0,29.9,11.468795923207969
172,Sagnarigu Municipal,-1.1888587,1.3900243,-0.70526594,-0.10682653,1.0489002,1.3390156,-0.05010869,-1.1693672,15.256478,0.59722394,18.7,43.9,27.510381579756,18.26163044209873,41.13385238958889,38.84627653192317,2,72.0,29.9,12.741720629566505
173,Savelugu Municipal,1.6745346,1.632289,4.5661573,0.298565,0.72090477,1.4760206,-0.18634988,-0.7910483,14.328115,-0.071151,41.1,45.5,49.38561942581863,35.82774558947985,32.7544432354008,43.91234294642276,2,72.0,29.9,11.719028650428982
174,Tamale Metropolitan Area (TMA)-Tamale Central & Tamale South,-1.4856926,1.5192113,1.9693748,0.2092015,0.8474132,1.3023489,-0.09364509,-0.99320793,14.382419,0.5444899,21.0,44.0,33.60929315808387,26.6484084895079,47.241038984343454,39.31515501301303,3,72.0,29.9,12.813999571355632
175,Tatale Sanguli,2.6428347,0.21184833,4.9250493,0.34580725,-0.023975434,1.5737813,0.026687942,-1.0780857,14.383965,0.112176165,52.4,43.5,54.72094111356193,48.7454047189359,51.84795145679755,46.68538199318228,1,72.0,29.9,11.222640006648332
176,Tolon,2.5842855,1.5732145,4.6259274,0.33381143,0.60933936,1.6215239,0.026722297,-0.8646517,14.358289,-0.08720667,57.5,46.8,56.018291133880936,52.02133965619443,33.00084271814909,44.73283089169278,1,72.0,29.9,11.679202324595328
177,Yendi Municipal,-0.49462676,1.7771325,4.258314,0.2653591,0.7674401,1.4903753,-0.046047762,-0.75904334,13.225274,0.097182155,38.3,45.3,46.24694827776015,23.75518873728314,39.85457024370846,43.00321847417126,2,72.0,29.9,11.947437917686935
178,Zabzugu,1.956379,-0.29930034,5.0902586,0.20901734,0.5106626,1.6197697,0.023750197,-0.89121234,14.378843,0.121395335,42.7,43.3,55.76974144798783,39.019385365618135,45.01679473611559,47.53397870748135,1,72.0,29.9,11.324738741665051
179,Biakoye,-1.2421446,-1.4594434,1.2773962,0.20459908,-1.2977831,0.25307792,0.010959867,-1.250936,9.090704,0.20412458,34.2,42.2,31.34197446642628,38.995085413563146,58.67689357622243,37.55969203781308,1,66.9,48.7,11.182015728917522
180,Guan,-1.1778246,-0.98563254,-2.7214065,0.30691358,-0.21635015,-0.84517056,0.005381073,-1.6807873,10.007648,-0.41346678,28.1,42.9,17.67830582902472,27.392166584035696,52.88819875776397,31.58155676747645,1,66.9,48.7,10.248423867569471
181,Jasikan Municipal,-1.0117365,-1.3625522,-2.6811187,0.25417778,-0.5512853,-0.43276042,-0.043664075,-1.3627428,9.691383,0.41182175,30.2,42.2,24.306893374654493,36.79872686154619,55.87684205195726,33.84035513862133,2,66.9,48.7,10.997003543779488
182,Kadjebi,-1.0406795,-1.6443484,-0.5149335,0.28413847,-1.1316789,0.46493405,0.010959867,-1.192768,9.715772,0.1778642,27.2,41.5,28.64154463959761,28.898443732338187,58.14283258851839,37.0678348814884,1,66.9,48.7,11.211266164587588
183,Krachi East Municipal,2.0855196,-1.3235465,3.099601,0.07528034,-1.5355066,1.1664265,-0.19402723,-1.4513426,10.856326,-0.2961976,41.2,41.6,43.51790646081405,45.87042151491828,59.01735532085727,41.35554851269978,2,66.9,48.7,11.612182391567568
184,Krachi Nchumuru,2.7250566,-1.2824631,4.98268,0.34107086,-2.1081865,1.2117223,0.029419046,-1.4022373,11.040684,0.16638514,47.2,40.8,47.79317937298271,60.01701403658018,62.68936096117013,42.52258112943178,1,66.9,48.7,11.28895657315623
185,Krachi West Municipal,-0.9283605,-1.5339197,2.89847,0.22526366,-0.112601876,0.26108503,-0.050297953,-1.1388024,9.962806,0.38754418,37.4,41.7,41.15135453474676,25.29937180997252,53.85563657346693,37.62923701086245,2,66.9,48.7,11.020725305327405
186,Nkwanta North (Kpassa),3.71077,-1.0586056,5.3772264,0.3921821,-0.17760268,1.537295,0.027480915,-1.3431828,11.607803,-0.10675963,55.2,41.7,54.9343357441949,73.1704415683289,57.62792852798934,45.23061794188555,1,66.9,48.7,11.744798800593433
187,Nkwanta South Municipal,2.1439695,-1.0017377,4.5990677,0.3535172,-1.5155139,1.1282146,-0.18977901,-1.428272,10.742928,-0.04524151,42.8,41.8,44.774746939736346,52.28489877589454,59.350668984806106,41.60928672316384,2,66.9,48.7,11.819939465721502
188,Bole,-1.4624684,0.9610407,3.2936137,-0.18009207,0.52634716,-0.10257156,0.0084144445,-1.8939083,8.359177,-0.15319447,37.2,44.8,48.80224525043178,19.56131260794473,38.6109026214105,37.870466321243526,1,61.9,26.5,11.659619844121032
189,Central Gonja,2.7819955,1.2261307,4.162191,0.18987544,0.45524627,1.3908902,0.026622266,-1.5335665,10.063632,-0.17379278,61.8,46.6,56.9206091256777,46.17895518415265,31.493510720004167,46.19086311483448,1,61.9,26.5,11.868934187032442
190,East Gonja Municipal,-0.88596845,-0.7690696,4.240655,0.21089903,0.36550462,1.1552233,-0.04961129,-1.671335,8.505704,-0.11368415,38.8,43.1,51.28189885779797,29.471360027175063,45.55281349670231,41.15663878391576,2,61.9,26.5,11.676361473822151
191,North East Gonja,2.924692,1.2475783,4.334711,0.39554727,0.43062353,1.3639414,0.026649281,-1.4527029,10.069517,-0.25871027,60.4,45.6,59.93046391229317,58.895036036950565,41.64623299197077,47.21601867830677,1,61.9,26.5,10.58162261297557
192,North Gonja,2.9096768,1.4841399,4.4017353,0.37933367,0.40128875,1.3525813,0.026722297,-1.431122,10.240819,0.3505642,58.4,47.2,60.03613104828866,59.69923343586739,36.36363636363637,45.61137965268623,1,61.9,26.5,11.0258651947545
193,Sawla Tuna Kalba,2.2154696,1.2072794,4.1790075,0.10510261,0.33107412,1.017334,0.023854245,-1.6127088,9.930169,-0.38267446,54.2,46.9,58.733934530994816,42.84598452034368,34.529311603016296,41.61755307817936,1,61.9,26.5,11.632165216877889
194,West Gonja,-0.20643888,1.3683413,2.47332,-0.69524866,0.6005745,0.13646698,-0.049808968,-1.6486473,9.070402,0.14442556,39.7,44.9,40.19133477280966,8.877996501126889,26.416980696762284,38.51912559693612,2,61.9,26.5,11.057991712577044
195,Bawku Municipal,-1.3795371,1.8532678,2.7776563,-0.5870446,0.8622255,0.33687156,-0.049542133,0.7516767,13.658424,0.05622104,23.6,44.8,41.61546317534196,7.24020157712334,42.015713898672445,38.20422240452712,2,96.8,30.0,11.690720124140457
196,Bawku West,1.8712072,1.5532247,4.413477,-0.45271522,0.54327667,1.0946544,0.023447812,0.6525092,13.856746,0.011734615,47.6,47.2,51.87496965787959,12.632031569675911,35.359542029324146,40.6369417916762,1,96.8,30.0,11.878880217982934
197,Binduri,2.2321727,1.5704709,4.3089147,-0.3453809,0.5396096,0.6936293,0.023547843,0.6110971,13.979763,0.14158261,53.8,47.8,52.68195985863144,14.259445219682052,29.661766927842173,39.58058920956194,1,96.8,30.0,11.24738315586432
198,Bolgatanga East,-1.158485,1.5576515,1.6630919,-0.5964612,0.8588369,-0.093637586,0.0057374844,0.7221967,13.3479,-0.4938038,24.9,44.0,32.20688234082011,7.412940449206676,38.55696900476547,34.599732124459095,1,96.8,30.0,10.566793891085052
199,Bolgatanga Municipal,-1.4207495,2.1858125,-0.45828834,-0.5557351,0.94627845,0.0007332243,-0.059345752,0.8261187,14.4312105,0.03582022,20.2,44.8,28.30768583036861,8.779094653670997,44.06299145207707,34.40905486671017,2,96.8,30.0,11.867160434591204
200,Bongo,2.1076138,1.6388247,3.777218,-0.36823806,0.5281156,0.054620363,0.023547843,0.6884531,13.843502,-0.04039024,54.0,48.5,44.63587876081112,17.024675558914723,22.764316878412863,37.39983337770869,1,96.8,30.0,11.665054101845849
201,Builsa North Municipal,0.0708398,2.16112,2.451327,-0.6002995,0.6022238,-0.20884192,-0.05011537,0.6541428,13.064351,-0.05838485,39.7,46.8,39.925049937247,11.470541443495785,34.70915774678343,34.60253486768839,2,96.8,30.0,10.943251765395033
202,Builsa South,2.3823676,1.5043098,4.1223264,-0.6794494,0.5122968,-0.015407977,0.023547843,0.6334752,13.814292,-0.4178031,55.1,47.7,51.07860560492139,21.892002734108,30.30395534429375,37.30416951469583,1,96.8,30.0,10.507120225888324
203,Garu,1.8444934,1.5357909,4.4502807,0.0027354413,0.52620804,1.0873656,0.023547843,0.65723234,13.832486,0.11694169,44.7,47.7,51.40301501936634,19.93618859196924,36.357448007135815,40.64424443391758,1,96.8,30.0,11.181277572464484
204,Kasena Nankana Municipal,-0.8826444,2.273133,1.7236911,-0.46481726,0.77214485,-0.5132268,-0.04333301,0.66665006,12.951362,0.20537828,33.8,47.1,32.681315381150206,12.46208518944892,34.39889122367774,32.82846989338806,2,96.8,30.0,11.511874913334047
205,Kasena Nankana West,1.964074,1.8501722,2.8073254,-0.6112235,0.5598602,-0.26665407,0.023246117,0.67396694,13.75474,-0.14080717,53.6,47.4,41.1483991844382,13.600044084421668,25.934882114172208,36.19331018901196,1,96.8,30.0,11.415698449209124
206,Nabdam,3.0115583,1.8179247,4.1694574,0.021837221,0.5588218,-0.32662287,0.023547843,0.66962326,13.854718,-0.17330875,68.6,51.2,46.52614114142423,19.838232244197663,15.498219094778907,34.891306397179434,1,96.8,30.0,10.878782770986689
207,Pusiga,1.6477402,1.5112828,4.3759923,-0.77131754,0.5412889,1.0893184,0.023547843,0.6384038,13.772391,0.10081836,40.8,45.4,54.82597196180448,8.454919101486347,34.064277098052735,42.354066035041534,1,96.8,30.0,11.296422317293274
208,Talensi,2.4186807,1.8420678,2.764832,-0.05082706,0.5912172,0.124669865,0.023246117,0.695646,13.836095,-0.02446271,56.2,48.9,40.690178232840346,18.847174819871064,27.768737086540742,37.15195182771975,1,96.8,30.0,11.373904747819768
209,Tempane,2.344567,1.5478204,4.4261518,-0.009632284,0.53261024,1.0879588,0.023547843,0.6668101,13.85598,0.04157871,50.7,48.1,54.79406389019806,18.289977354499783,31.264264674326512,41.07227018265837,1,96.8,30.0,11.373582934629544
210,Daffiama Bussie Issa,-0.5691847,0.9685911,3.699373,0.19125034,0.5117516,0.4066315,0.01357804,0.11434575,8.42131,-0.23929933,38.7,44.4,55.64844919234144,26.28889921040409,42.37323795497581,38.67729782732105,1,97.9,26.9,10.564989255260528
211,Jirapa Municipal,1.8244486,1.4182059,3.719205,-0.55714697,0.37090138,-0.37328205,-0.18904112,-0.2881373,9.006746,-0.15236448,50.1,47.4,49.11206301558956,12.440977661893754,26.395084442747297,36.8825250057516,2,97.9,26.9,11.42167602917358
212,Lambussie Karni,1.2590146,1.2010031,3.7995663,-0.8065762,0.34898075,0.55688286,0.031308163,-0.2882538,8.904461,-0.5934787,44.2,46.0,50.17019445205212,11.416722093978638,35.118989325237486,40.073946555029536,1,97.9,26.9,10.841891964655394
213,Lawra Municipal,-0.49865526,1.3949265,3.2320306,-0.9154467,0.45895833,-0.45665744,-0.052198473,0.083482,8.125974,0.004387997,39.5,45.8,46.10921910564236,6.049663717419951,33.83886760323542,35.68018071979874,2,97.9,26.9,10.975636077718386
214,Nadowli Kaleo,0.88888925,1.6325355,2.892201,-0.49683288,0.41803047,-0.28011873,0.031006437,-0.13372886,8.82807,0.15321575,40.6,47.2,44.25944430746071,12.824272940810047,33.96876152994712,36.688425451289305,1,97.9,26.9,11.25230068671898
215,Nandom,-0.9342769,1.3711566,2.5463815,-0.8584915,0.48144037,-0.27823332,-0.052351717,0.1671193,8.360285,-0.6523504,31.8,44.8,43.84741271820449,5.231062967581047,35.85153751905089,34.80556421446384,2,97.9,26.9,10.845991691226187
216,Sissala East Municipal,-1.0369658,1.1313238,3.2727442,-0.35245287,0.27291313,0.4977428,-0.052123006,0.20595638,8.4249525,0.16545361,28.8,44.3,45.86139743732867,16.52960220295464,47.99578700046586,38.76009377442042,2,97.9,26.9,11.29748963272422
217,Sissala West,-1.0496188,1.5822049,3.7802875,-0.4792387,0.544615,1.0540361,0.013726522,0.13250418,8.178774,0.22294162,32.3,46.1,49.8448956570784,12.477282697248857,40.30189687416511,41.358024691358025,1,97.9,26.9,11.063947244530318
218,Wa East,1.6881888,1.17599,4.057016,0.1045684,0.3409597,1.007918,0.031235147,-0.3207721,9.240936,-0.10609298,48.7,45.3,58.19784160862482,31.3644663612408,44.659095126749065,41.08050777961228,1,97.9,26.9,11.423624195449497
219,Wa Municipal,-1.6121132,-0.17997281,-1.3883085,-0.56130266,0.8132128,-0.055916205,-0.059902303,0.24784291,9.929634,0.22098596,16.5,43.4,27.150773401371392,10.886919948971457,42.85242552930064,35.10853532132036,2,97.9,26.9,12.209427013342747
220,Wa West,2.5315645,1.476944,4.128258,0.17335238,0.3677317,1.0220635,0.031308163,-0.32819188,9.677742,0.045020107,61.9,48.7,56.69936157265592,30.873479996287013,32.63863305440064,41.2079581670225,1,97.9,26.9,11.482022860230412
221,Adaklu,0.990247,0.93427354,0.119923696,0.2726247,0.17769258,-0.09542411,0.0008086753,0.8728192,-0.60151815,-0.38023764,33.2,43.6,28.61652306657352,27.027866180237524,49.71965632689282,35.856037672384794,1,88.4,67.7,10.562276180459634
222,Afadzato South,1.1285566,0.9635815,-2.3188689,0.2938182,0.55397195,0.046324555,0.0008086753,0.7018768,-0.43729457,0.089871146,32.5,43.7,19.27514833347005,28.94348289721926,46.24074385728711,35.01216744593006,1,88.4,67.7,11.200212722793202
223,Agortime-Ziope,0.11228061,-0.005385729,1.9720935,0.16687989,-0.67159534,-0.12423753,0.00087836897,1.0777224,-0.28263783,-0.69991606,25.7,43.4,30.26571941445655,25.666826789371225,58.26795759825495,33.93421485095947,1,88.4,67.7,10.585396823669267
224,Akatsi North,1.3688854,1.3461714,2.6022651,0.50862026,0.22361918,-0.102706365,0.003559281,0.97559834,-0.4750746,-0.28946292,39.3,44.4,35.48771179972523,51.1189131430316,50.08686669483965,34.98091894367272,1,88.4,67.7,10.396810901165976
225,Akatsi South Municipal,0.7064385,1.7406578,0.18458006,0.06984062,0.6996523,-0.1308166,0.0008397079,0.9079585,-0.50043434,-0.10490575,30.1,44.5,29.127457045792497,31.44692998165696,47.186247174698494,34.21141176342896,1,88.4,67.7,11.43098846425599
226,Anloga,0.7911358,2.2700145,2.48638,0.3003346,0.6781394,-0.31570154,0.001010471,1.0384444,-0.1927728,-0.08169497,31.6,45.9,30.8256494019706,43.92222983297329,43.055883417528285,33.038621634438066,1,88.4,67.7,11.46052629617102
227,Central Tongu,0.7873512,1.4584187,2.7183619,0.060910467,0.64833176,-0.06519688,0.0008397079,1.0040551,-0.5360925,0.13527781,36.0,44.4,35.01392824552135,31.613515200999,46.48413074372336,36.63248643196773,1,88.4,67.7,11.330011732875084
228,Ho Municipal,-1.0076029,-1.1263809,-3.354637,-0.3273464,0.35951272,-1.5401814,-0.03276626,1.151432,-0.35437226,0.28052977,12.5,42.1,10.56277825271175,13.459382043054925,47.495321777031656,27.91408999567008,2,88.4,67.7,12.101500707751956
229,Ho West,1.2155124,-0.71296066,-2.3496947,0.13915572,0.18802531,-0.2421191,-0.0018886148,0.7209843,-0.3494215,0.17468745,27.9,42.7,18.87894964651565,30.911845332563843,50.271763185383215,32.08892415716828,1,88.4,67.7,11.328666031705986
230,Hohoe Municipal,-0.6259014,-0.39463404,-2.3563342,0.09857806,0.36431274,-0.04866228,-0.01972563,0.8089244,-0.3995237,0.07961029,18.8,42.8,16.05370745684534,19.340974212034386,48.82742347774792,33.35924942343979,2,88.4,67.7,11.64808553058657
231,Keta Municipal,0.56192213,2.734971,-1.3540888,0.31543133,0.8925639,-0.44179586,-0.0054450533,0.8330244,-0.24873763,0.13389164,25.2,45.0,25.128705840582285,27.29197839263524,42.29738842011263,30.421495777434,2,88.4,67.7,11.275454768509972
232,Ketu North Municipal,0.9849925,1.3873645,2.5846455,0.15992476,0.078702666,-0.11806087,-0.01207893,1.0180981,-0.3481296,-0.022218486,27.2,44.3,31.57148696007583,38.01883592914351,50.6577548633996,34.55601645317541,2,88.4,67.7,11.652626535927542
233,Ketu South Municipal,0.46949917,2.4751344,1.6887058,0.3747288,0.82849497,0.40555418,-0.007976593,1.0917014,-0.59864205,0.6319027,25.6,45.4,30.05744265611049,47.85794992138178,46.97529895483507,37.06394544923002,2,88.4,67.7,12.441626864920854
234,Kpando Municipal,-0.4824184,0.13563293,-2.1935678,0.019618882,0.54311746,-0.4155918,-0.0049783117,0.695004,-0.30501977,0.18990117,23.4,43.4,18.77305642847384,19.73630277360295,46.17164179104478,31.34307965569067,2,88.4,67.7,10.977670527281065
235,North Dayi,1.0146431,0.8361005,-2.4107614,-0.42102918,0.48312923,-0.54487836,-0.0018886148,0.6888336,-0.29924265,-0.70716566,30.1,43.6,19.326168890699808,22.858307018437404,46.19440961722841,30.941224406641545,1,88.4,67.7,10.578165216812412
236,North Tongu,1.1384139,2.1642797,2.4767697,0.15819605,0.5821554,0.23736542,0.00069122715,1.0219527,-0.52060664,-0.25387037,38.4,45.4,30.73512252042007,40.9074589354636,47.96981415214129,37.79373485324477,1,88.4,67.7,11.620972369053362
237,South Dayi,0.88542825,1.776862,-2.2661417,-0.49199098,0.57732856,-0.15985765,-0.0018575827,0.6764789,-0.31514788,-0.26491943,29.0,44.3,21.276817691852987,20.92910045550958,43.12598013591218,33.48169268750652,1,88.4,67.7,10.959853221275816
238,South Tongu,0.90052694,2.57387,0.26045623,0.19440113,0.7571772,0.012048561,0.0008397079,0.93297046,-0.4249594,0.03648744,32.4,45.2,28.695828986686,34.33969269940061,46.58162494679171,35.61628092013367,1,88.4,67.7,11.636151438705287
239,Ahanta West Municipal,1.0814856,1.8187553,-1.2900113,0.33260387,-0.15133494,0.25042698,-0.014601848,0.6377483,-2.7597167,-0.00081596477,27.2,44.7,24.98759305210918,46.2981585477341,50.98621247325916,36.20412694266684,2,94.3,72.6,11.939107814667114
240,Effia Kwesimintsim Municipal,-2.0737214,-0.54114354,-3.0933867,0.035807226,-0.06546163,-0.8368053,-0.015499601,0.45134786,-2.9336083,0.07152841,9.3,42.5,8.98404943238971,23.31829285816928,52.36263917254101,30.20146572783446,2,94.3,72.6,12.066666889713051
241,Ellembelle,1.0684104,-0.42094615,-1.1424221,0.111490086,0.65936536,0.13248327,0.0007436387,0.6374879,-2.8084354,-0.063215315,33.3,42.8,26.28026436600961,30.29290364206364,45.55233972799221,35.408998039588724,1,94.3,72.6,11.70266113583651
242,Jomoro Municipal,0.8095044,1.0205826,-0.009250879,0.03331716,0.09028893,0.20580225,-0.0121749975,0.47309098,-2.993388,-0.067269266,31.2,43.7,28.70291366451776,31.74693464795854,49.35267277516044,36.10874099355328,2,94.3,72.6,11.748598197261176
243,Mpohor,0.90528667,1.5537008,-1.2569021,0.5759026,-0.18533894,0.043475498,0.0037124187,0.6746889,-2.7937815,-0.41307124,31.4,44.3,26.276235872991467,48.47389866994696,52.053472181594806,34.29307296071346,1,94.3,72.6,10.859537314183632
244,Nzema East Municipal,1.0614629,-0.55165815,1.9608508,0.5665143,-0.12520503,0.13282175,-0.014764772,0.3652707,-2.8921256,-0.07365929,38.2,43.0,34.41096585324611,49.09058242884772,54.429772306063015,36.13257099375403,2,94.3,72.6,11.457634717719442
245,Prestea/Huni Valley Municipal,0.93395984,1.1025065,-1.2060053,0.48557046,0.15745525,0.2054281,-0.009113247,0.599365,-2.7646298,0.3935189,29.5,43.8,25.739094029245404,48.87200666373021,50.19570405727924,36.04476212489261,2,94.3,72.6,12.342790829935485
246,"Sekondi Takoradi Metropolitan Area (STMA)- Takoradi, Sekondi & Essikado-Ketan",-2.1177115,-0.4595645,-2.968279,0.03986919,0.093874514,-1.115059,0.026708532,0.48503458,-2.9558864,0.4316276,10.1,42.6,9.649852067388808,20.05729841634676,49.6273896298368,30.05721691077585,3,94.3,72.6,12.41057145893548
247,Shama,-0.3893295,1.7718276,-1.7277211,0.11498372,-0.10830154,0.4209293,0.005357043,0.6995977,-2.8743873,0.007535326,22.0,44.4,20.930014331536203,30.40162424076981,51.4047628663355,36.63157715143657,1,94.3,72.6,11.67184191331786
248,Tarkwa-Nsuaem Municipal,-0.9250638,0.79774976,-1.889652,0.25617445,0.12032274,-0.21487443,-0.014069447,0.55479926,-2.9289703,0.42683247,18.2,43.5,17.815333920560086,28.3826771150432,50.30105334692491,32.84164502599163,2,94.3,72.6,12.297324601873644
249,Wassa Amenfi Central,1.0050932,-0.5282697,1.9577457,0.44386032,-0.050075363,0.4439794,0.0036813861,0.3786762,-3.0314453,-0.06899899,37.6,43.0,34.11469588725328,47.02327985830389,53.4706908913811,37.35624878176934,1,94.3,72.6,11.67843142883562
250,Wassa Amenfi East Municipal,0.77938193,1.4350344,2.0161376,0.22512943,0.6459205,-0.13671976,-0.018548336,0.2931826,-3.18986,-0.015422372,35.5,44.4,32.213850057875526,45.96652123586502,46.91931892267181,34.273996082272284,2,94.3,72.6,12.099021813202818
251,Wassa Amenfi West Municipal,0.057543974,-1.2924719,0.8159359,0.19342265,-0.5491395,0.053265557,-0.014777243,0.27534276,-2.7556002,-0.020929096,24.9,42.0,29.92595419847328,27.83435114503817,57.278858533243564,35.37175572519084,2,94.3,72.6,11.782952602183288
252,Wassa East,0.9887906,-1.1905369,1.9548026,0.5972746,-0.7720974,0.45701513,0.004474358,0.28254834,-2.9403949,0.15090245,38.0,42.0,31.67370861392399,53.395690528999104,60.43537853745062,37.76156401481318,1,94.3,72.6,11.509329005455823
253,Aowin Municipal,0.48745954,-1.35168,3.1758792,0.09310367,-0.57336664,-0.21138178,-0.014712207,-0.30092883,-1.2522724,-0.022153629,37.1,41.9,38.74092918195667,33.74982177296502,56.8955167665164,36.24274897378749,2,83.4,51.7,11.80003487348131
254,Bia East,0.3601339,-1.42205,3.4866621,-0.011699717,-1.9431674,-0.057941403,0.0045393948,-0.42815238,-1.2885444,-0.766567,32.9,41.5,42.62619410999943,43.88860625930322,61.81265542967671,38.62981176869594,1,83.4,51.7,10.879423603336724
255,Bia West,-0.055712342,-1.6804827,-3.2184033,-0.93751377,-0.2866003,0.3823967,0.008589619,-0.654435,-1.7414773,-0.021834735,24.5,41.3,10.34768426230357,7.135768590191662,53.17509976501342,37.93719419059207,1,83.4,51.7,11.660319081462896
256,Bibiani Anhwiaso Bekwai Municipal,0.021311367,-1.4757882,-3.1229877,-0.7202679,-0.18605283,-0.11459915,-0.012854342,-0.68341374,-1.800757,0.23857117,25.8,41.9,13.4892332605033,8.897964529591418,50.704732367845374,35.501366307279234,2,83.4,51.7,12.031546624437397
257,Bodi,-1.1299344,-1.2087315,6.377739,0.22796898,-0.23410511,-0.22344802,0.018769918,0.12410641,-1.0975038,0.2911271,18.6,41.7,58.55235140232403,37.75628155989536,55.58679852257834,36.17296343615015,1,83.4,51.7,11.093584531326416
258,Juaboso,-1.3596274,-0.9811792,5.6407576,0.18118665,-0.22581479,-0.2907213,0.015818723,-0.054912373,-1.338241,-0.021384746,18.9,42.3,44.93323124732587,34.31103204449749,51.36346982570616,35.46400342288378,1,83.4,51.7,11.394299574211256
259,Sefwi Akontombra,-0.32012916,-0.9805436,4.9338636,0.21739078,-0.8593193,0.0527177,0.0037598726,-0.29241744,-1.3287568,-0.10968995,24.5,42.2,44.27716714900508,27.02394697776245,59.910870450679255,37.41546581895065,1,83.4,51.7,11.107795300762092
260,Sefwi Wiawso Municipal,0.95546925,-1.2719593,-1.3470746,0.20978023,-0.26984188,-0.12324719,-0.012140298,-0.72551847,-1.7917987,0.047374226,33.3,42.4,28.078296521624125,24.679275228144427,52.68073787551143,34.863774632985056,2,83.4,51.7,11.926491009112262
261,Suaman,0.8230549,-1.3853436,5.762072,0.34308442,0.14825656,-0.57602966,0.012139682,-0.25563064,-0.99718004,-0.36249894,37.5,41.3,50.342322567157936,58.98923382460541,48.20545289066519,33.96310233092924,1,83.4,51.7,10.55236931679806
